YEAR,SEX,AGEGRP,COUNT,POPULATION,WEIGHT,COUNT_ACCIDENTS,COUNT_ALZHEIMER,COUNT_CANCER,COUNT_CEREBROVASCULAR,COUNT_DIABETES,COUNT_FLU_PNEUMONIA,COUNT_HEART,COUNT_KIDNEY,COUNT_LIVER,COUNT_RESPIRATORY,COUNT_SUICIDE,AMR_ACCIDENTS,AMR_ALZHEIMER,AMR_CANCER,AMR_CEREBROVASCULAR,AMR_DIABETES,AMR_FLU_PNEUMONIA,AMR_HEART,AMR_KIDNEY,AMR_LIVER,AMR_RESPIRATORY,AMR_SUICIDE
2005,M,0-4,1260,"1,315,045",0.069,131,0,50,6,0,13,20,1,4,9,0,0.687,0,0.262,0.031,0,0.068,0.105,0.005,0.021,0.047,0
2005,M,5-9,374,"1,698,879",0.073,199,0,56,4,0,3,4,2,0,3,0,0.855,0,0.241,0.017,0,0.013,0.017,0.009,0,0.013,0
2005,M,10-14,295,"1,844,524",0.073,105,0,63,3,1,1,15,1,1,1,10,0.416,0,0.249,0.012,0.004,0.004,0.059,0.004,0.004,0.004,0.04
2005,M,15-19,574,"1,621,106",0.072,229,0,76,3,1,2,26,1,0,1,101,1.017,0,0.338,0.013,0.004,0.009,0.115,0.004,0,0.004,0.449
2005,M,20-24,1031,"1,969,021",0.066,370,0,92,10,4,6,30,5,2,4,266,1.24,0,0.308,0.034,0.013,0.02,0.101,0.017,0.007,0.013,0.892
2005,M,25-29,1456,"1,981,697",0.065,540,0,128,26,14,1,70,8,12,3,408,1.771,0,0.42,0.085,0.046,0.003,0.23,0.026,0.039,0.01,1.338
2005,M,30-34,2000,"2,240,142",0.071,562,0,236,63,17,5,120,12,48,2,546,1.781,0,0.748,0.2,0.054,0.016,0.38,0.038,0.152,0.006,1.731
2005,M,35-39,3176,"2,184,835",0.081,740,0,469,164,51,17,227,16,203,12,651,2.743,0,1.739,0.608,0.189,0.063,0.842,0.059,0.753,0.044,2.414
2005,M,40-44,5141,"2,165,148",0.082,876,0,1015,336,147,23,382,34,635,19,738,3.318,0,3.844,1.273,0.557,0.087,1.447,0.129,2.405,0.072,2.795
2005,M,45-49,8428,"2,000,124",0.072,1073,0,2079,569,332,47,633,66,1145,32,972,3.863,0,7.484,2.048,1.195,0.169,2.279,0.238,4.122,0.115,3.499
2005,M,50-54,9285,"1,436,212",0.063,964,1,2941,647,446,48,724,89,1152,66,792,4.229,0.004,12.901,2.838,1.956,0.211,3.176,0.39,5.053,0.29,3.474
2005,M,55-59,10017,"1,136,993",0.048,913,1,3776,789,486,72,856,114,932,115,647,3.854,0.004,15.941,3.331,2.052,0.304,3.614,0.481,3.935,0.485,2.731
2005,M,60-64,12539,"928,692",0.039,852,10,5126,1318,743,102,952,151,883,225,661,3.578,0.042,21.526,5.535,3.12,0.428,3.998,0.634,3.708,0.945,2.776
2005,M,65-69,16955,"764,040",0.034,1021,11,6886,2123,1024,183,1338,190,724,488,771,4.543,0.049,30.643,9.447,4.557,0.814,5.954,0.846,3.222,2.172,3.431
2005,M,70-74,18353,"494,667",0.032,828,38,7202,2591,1006,280,1478,217,498,820,637,5.356,0.246,46.59,16.761,6.508,1.811,9.561,1.404,3.222,5.305,4.121
2005,M,75-79,16231,"265,655",0.027,592,73,5456,2500,801,351,1406,200,267,1032,406,6.017,0.742,55.452,25.409,8.141,3.567,14.29,2.033,2.714,10.489,4.126
2005,M,80-84,14472,"137,401",0.018,472,89,3651,2222,554,458,1295,153,137,948,295,6.183,1.166,47.829,29.109,7.258,6,16.965,2.004,1.795,12.419,3.865
2005,M,85 +,13730,"59,053",0.016,393,104,2033,1597,356,572,1223,131,91,842,175,10.648,2.818,55.083,43.27,9.646,15.498,33.136,3.549,2.466,22.813,4.742
2005,F,0-4,1062,"1,209,243",0.069,102,0,29,3,0,13,22,0,2,5,0,0.582,0,0.165,0.017,0,0.074,0.126,0,0.011,0.029,0
2005,F,5-9,240,"1,534,686",0.073,99,0,40,2,1,3,6,1,0,1,0,0.471,0,0.19,0.01,0.005,0.014,0.029,0.005,0,0.005,0
2005,F,10-14,207,"1,620,883",0.073,42,0,51,5,0,4,7,0,0,0,12,0.189,0,0.23,0.023,0,0.018,0.032,0,0,0,0.054
2005,F,15-19,305,"1,458,955",0.072,63,0,45,6,1,1,7,1,4,1,94,0.311,0,0.222,0.03,0.005,0.005,0.035,0.005,0.02,0.005,0.464
2005,F,20-24,631,"1,819,759",0.066,104,0,68,20,6,1,11,1,4,2,267,0.377,0,0.247,0.073,0.022,0.004,0.04,0.004,0.015,0.007,0.968
2005,F,25-29,819,"1,862,130",0.065,90,0,112,21,13,5,27,5,4,2,363,0.314,0,0.391,0.073,0.045,0.017,0.094,0.017,0.014,0.007,1.267
2005,F,30-34,1122,"2,120,294",0.071,104,0,328,25,16,3,31,11,26,3,338,0.348,0,1.098,0.084,0.054,0.01,0.104,0.037,0.087,0.01,1.132
2005,F,35-39,1518,"2,082,502",0.081,137,0,541,71,24,6,51,11,43,6,346,0.533,0,2.104,0.276,0.093,0.023,0.198,0.043,0.167,0.023,1.346
2005,F,40-44,2023,"2,083,152",0.082,180,1,789,136,36,10,89,24,85,11,331,0.709,0.004,3.106,0.535,0.142,0.039,0.35,0.094,0.335,0.043,1.303
2005,F,45-49,3021,"1,957,973",0.072,216,0,1330,249,83,11,158,35,152,27,299,0.794,0,4.891,0.916,0.305,0.04,0.581,0.129,0.559,0.099,1.1
2005,F,50-54,3149,"1,425,679",0.063,187,0,1465,313,116,12,173,60,152,21,237,0.826,0,6.474,1.383,0.513,0.053,0.764,0.265,0.672,0.093,1.047
2005,F,55-59,3539,"1,148,617",0.048,194,5,1612,426,185,18,215,66,127,51,186,0.811,0.021,6.736,1.78,0.773,0.075,0.898,0.276,0.531,0.213,0.777
2005,F,60-64,5107,"1,017,483",0.039,253,13,2177,706,355,29,399,103,150,59,215,0.97,0.05,8.344,2.706,1.361,0.111,1.529,0.395,0.575,0.226,0.824
2005,F,65-69,8001,"925,569",0.034,385,26,2835,1344,728,58,728,158,205,141,276,1.414,0.096,10.414,4.937,2.674,0.213,2.674,0.58,0.753,0.518,1.014
2005,F,70-74,12069,"720,174",0.032,489,55,3556,2374,1066,138,1345,219,220,293,298,2.173,0.244,15.801,10.549,4.737,0.613,5.976,0.973,0.978,1.302,1.324
2005,F,75-79,16643,"486,198",0.027,514,148,3800,3305,1385,279,2013,211,235,614,268,2.854,0.822,21.103,18.354,7.691,1.549,11.179,1.172,1.305,3.41,1.488
2005,F,80-84,19873,"291,845",0.018,600,224,3140,3659,1108,466,2484,208,167,761,264,3.701,1.382,19.366,22.567,6.834,2.874,15.32,1.283,1.03,4.694,1.628
2005,F,85 +,31218,"176,185",0.016,904,330,2276,3779,744,946,3437,191,138,968,228,8.21,2.997,20.669,34.318,6.757,8.591,31.213,1.735,1.253,8.791,2.071
2006,M,0-4,1203,"1,227,097",0.069,119,0,38,7,0,16,11,3,1,8,0,0.669,0.000,0.214,0.039,0.000,0.090,0.062,0.017,0.006,0.045,0.000
2006,M,5-9,285,"1,641,923",0.073,123,0,58,2,1,2,4,0,0,4,0,0.547,0.000,0.258,0.009,0.004,0.009,0.018,0.000,0.000,0.018,0.000
2006,M,10-14,301,"1,853,437",0.073,100,0,58,3,0,4,15,2,0,1,9,0.394,0.000,0.228,0.012,0.000,0.016,0.059,0.008,0.000,0.004,0.035
2006,M,15-19,555,"1,637,309",0.072,236,0,77,11,1,2,20,0,1,0,82,1.038,0.000,0.339,0.048,0.004,0.009,0.088,0.000,0.004,0.000,0.361
2006,M,20-24,885,"1,874,314",0.066,335,0,82,13,3,5,33,3,1,1,214,1.180,0.000,0.289,0.046,0.011,0.018,0.116,0.011,0.004,0.004,0.754
2006,M,25-29,1322,"2,024,586",0.065,462,0,128,18,4,4,78,5,15,3,332,1.483,0.000,0.411,0.058,0.013,0.013,0.250,0.016,0.048,0.010,1.066
2006,M,30-34,1732,"2,180,616",0.071,504,0,219,56,15,3,113,9,53,3,424,1.641,0.000,0.713,0.182,0.049,0.010,0.368,0.029,0.173,0.010,1.381
2006,M,35-39,2845,"2,228,330",0.081,643,0,456,115,55,12,216,14,207,7,521,2.337,0.000,1.658,0.418,0.200,0.044,0.785,0.051,0.752,0.025,1.894
2006,M,40-44,4786,"2,139,138",0.082,823,0,975,292,122,28,380,25,525,26,645,3.155,0.000,3.737,1.119,0.468,0.107,1.457,0.096,2.012,0.100,2.472
2006,M,45-49,8052,"2,089,417",0.072,1100,1,2084,524,287,56,625,58,1024,35,884,3.791,0.003,7.181,1.806,0.989,0.193,2.154,0.200,3.529,0.121,3.046
2006,M,50-54,9316,"1,554,676",0.063,1007,2,2973,642,395,55,730,100,1065,72,776,4.081,0.008,12.047,2.602,1.601,0.223,2.958,0.405,4.316,0.292,3.145
2006,M,55-59,10025,"1,174,921",0.048,897,4,3797,795,489,74,833,119,894,135,676,3.665,0.016,15.512,3.248,1.998,0.302,3.403,0.486,3.652,0.552,2.762
2006,M,60-64,11427,"930,455",0.039,825,6,4784,1124,606,102,934,121,685,186,602,3.458,0.025,20.052,4.711,2.540,0.428,3.915,0.507,2.871,0.780,2.523
2006,M,65-69,17009,"788,456",0.034,1048,19,7061,2005,998,180,1381,236,714,436,672,4.519,0.082,30.449,8.646,4.304,0.776,5.955,1.018,3.079,1.880,2.898
2006,M,70-74,18823,"534,440",0.032,955,48,7450,2531,1026,282,1547,248,479,741,608,5.718,0.287,44.607,15.155,6.143,1.688,9.263,1.485,2.868,4.437,3.640
2006,M,75-79,16943,"281,091",0.027,667,68,5846,2535,838,400,1470,217,261,1001,391,6.407,0.653,56.153,24.350,8.049,3.842,14.120,2.084,2.507,9.615,3.756
2006,M,80-84,14557,"144,246",0.018,472,92,3776,2109,581,506,1329,177,151,930,255,5.890,1.148,47.120,26.318,7.250,6.314,16.584,2.209,1.884,11.605,3.182
2006,M,85 +,14564,"65,109",0.016,471,147,2187,1760,419,629,1374,139,86,898,181,11.574,3.612,53.744,43.251,10.297,15.457,33.765,3.416,2.113,22.068,4.448
2006,F,0-4,952,"1,132,710",0.069,81,0,40,2,,14,13,3,0,6,0,0.493,0.000,0.244,0.012,0.000,0.085,0.079,0.018,0.000,0.037,0.000
2006,F,5-9,235,"1,494,147",0.073,101,0,37,2,1,1,7,0,0,2,0,0.493,0.000,0.181,0.010,0.005,0.005,0.034,0.000,0.000,0.010,0.000
2006,F,10-14,166,"1,630,271",0.073,41,0,33,7,1,0,4,0,0,1,14,0.184,0.000,0.148,0.031,0.004,0.000,0.018,0.000,0.000,0.004,0.063
2006,F,15-19,284,"1,465,976",0.072,59,0,43,3,0,2,4,0,1,2,74,0.290,0.000,0.211,0.015,0.000,0.010,0.020,0.000,0.005,0.010,0.363
2006,F,20-24,500,"1,712,887",0.066,95,0,63,8,8,4,14,0,2,0,181,0.366,0.000,0.243,0.031,0.031,0.015,0.054,0.000,0.008,0.000,0.697
2006,F,25-29,704,"1,902,550",0.065,89,0,114,22,5,4,17,4,10,4,258,0.304,0.000,0.389,0.075,0.017,0.014,0.058,0.014,0.034,0.014,0.881
2006,F,30-34,894,"2,045,655",0.071,74,0,246,27,11,7,36,7,20,1,224,0.257,0.000,0.854,0.094,0.038,0.024,0.125,0.024,0.069,0.003,0.777
2006,F,35-39,1395,"2,133,591",0.081,130,0,507,62,27,1,41,13,48,4,281,0.494,0.000,1.925,0.235,0.103,0.004,0.156,0.049,0.182,0.015,1.067
2006,F,40-44,1870,"2,044,892",0.082,162,0,744,132,35,5,78,16,87,19,267,0.650,0.000,2.983,0.529,0.140,0.020,0.313,0.064,0.349,0.076,1.071
2006,F,45-49,2800,"2,050,067",0.072,215,0,1212,264,58,13,124,30,109,18,284,0.755,0.000,4.257,0.927,0.204,0.046,0.435,0.105,0.383,0.063,0.997
2006,F,50-54,3176,"1,551,725",0.063,237,1,1463,299,107,12,197,46,128,28,227,0.962,0.004,5.940,1.214,0.434,0.049,0.800,0.187,0.520,0.114,0.922
2006,F,55-59,3472,"1,188,503",0.048,207,4,1622,356,174,24,235,77,112,35,172,0.836,0.016,6.551,1.438,0.703,0.097,0.949,0.311,0.452,0.141,0.695
2006,F,60-64,4520,"1,003,285",0.039,250,11,1897,604,318,24,372,89,129,55,187,0.972,0.043,7.374,2.348,1.236,0.093,1.446,0.346,0.501,0.214,0.727
2006,F,65-69,7823,"946,202",0.034,335,32,2868,1193,686,62,802,181,152,108,247,1.204,0.115,10.306,4.287,2.465,0.223,2.882,0.650,0.546,0.388,0.888
2006,F,70-74,11729,"760,361",0.032,481,63,3497,2128,1077,144,1361,193,181,245,288,2.024,0.265,14.717,8.956,4.533,0.606,5.728,0.812,0.762,1.031,1.212
2006,F,75-79,16416,"510,663",0.027,601,122,3887,3085,1326,278,2116,237,197,487,299,3.178,0.645,20.552,16.311,7.011,1.470,11.188,1.253,1.042,2.575,1.581
2006,F,80-84,19647,"304,066",0.018,617,204,3116,3480,1150,486,2593,232,174,653,257,3.652,1.208,18.446,20.601,6.808,2.877,15.350,1.373,1.030,3.866,1.521
2006,F,85 +,32940,"176,185",0.016,1113,407,2473,3938,820,1153,3857,197,119,953,209,10.108,3.696,22.458,35.762,7.447,10.471,35.027,1.789,1.081,8.655,1.898
2007,M,0-4,1167,"1,192,170",0.069,112,0,47,10,0,11,26,4,1,0,0,0.648,0,0.272,0.058,0,0.064,0.15,0.023,0.006,0,0
2007,M,5-9,275,"1,556,291",0.073,121,0,42,7,0,3,5,0,0,1,0,0.568,0,0.197,0.033,0,0.014,0.023,0,0,0.005,0
2007,M,10-14,250,"1,826,108",0.073,75,0,64,5,0,0,3,1,0,2,15,0.3,0,0.256,0.02,0,0,0.012,0.004,0,0.008,0.06
2007,M,15-19,684,"1,683,355",0.072,276,0,89,14,2,5,21,2,1,3,115,1.18,0,0.381,0.06,0.009,0.021,0.09,0.009,0.004,0.013,0.492
2007,M,20-24,871,"1,772,836",0.066,315,0,86,11,2,1,37,2,3,0,235,1.173,0,0.32,0.041,0.007,0.004,0.138,0.007,0.011,0,0.875
2007,M,25-29,1485,"2,073,207",0.065,497,0,115,29,10,1,64,7,7,3,449,1.558,0,0.361,0.091,0.031,0.003,0.201,0.022,0.022,0.009,1.408
2007,M,30-34,1665,"2,109,088",0.071,400,0,219,60,13,1,106,11,37,4,509,1.347,0,0.737,0.202,0.044,0.003,0.357,0.037,0.125,0.013,1.713
2007,M,35-39,2733,"2,273,836",0.081,594,0,426,117,57,11,212,15,152,8,600,2.116,0,1.518,0.417,0.203,0.039,0.755,0.053,0.541,0.028,2.137
2007,M,40-44,4536,"2,130,204",0.082,776,0,887,249,129,18,361,36,486,20,660,2.987,0,3.414,0.958,0.497,0.069,1.39,0.139,1.871,0.077,2.541
2007,M,45-49,7811,"2,142,938",0.072,1059,1,1991,466,275,44,615,64,1018,32,837,3.558,0.003,6.69,1.566,0.924,0.148,2.066,0.215,3.42,0.108,2.812
2007,M,50-54,9379,"1,648,729",0.063,974,1,2967,664,408,59,735,89,1070,63,806,3.722,0.004,11.337,2.537,1.559,0.225,2.809,0.34,4.089,0.241,3.08
2007,M,55-59,9774,"1,212,829",0.048,887,4,3710,745,422,63,831,118,826,101,635,3.51,0.016,14.683,2.948,1.67,0.249,3.289,0.467,3.269,0.4,2.513
2007,M,60-64,10978,"951,179",0.039,762,10,4705,946,534,102,967,133,680,173,568,3.124,0.041,19.291,3.879,2.189,0.418,3.965,0.545,2.788,0.709,2.329
2007,M,65-69,16971,"822,884",0.034,1043,31,7205,1876,899,174,1439,273,658,406,724,4.309,0.128,29.77,7.751,3.714,0.719,5.946,1.128,2.719,1.678,2.991
2007,M,70-74,19103,"571,360",0.032,969,58,7618,2460,1045,252,1582,305,446,753,669,5.427,0.325,42.666,13.778,5.853,1.411,8.86,1.708,2.498,4.217,3.747
2007,M,75-79,17511,"301,667",0.027,635,112,6221,2465,839,369,1667,235,251,989,452,5.683,1.002,55.68,22.062,7.509,3.303,14.92,2.103,2.247,8.852,4.046
2007,M,80-84,14630,"150,705",0.018,458,132,3933,2041,621,467,1504,185,132,1024,276,5.47,1.577,46.975,24.377,7.417,5.578,17.964,2.21,1.577,12.231,3.297
2007,M,85 +,15839,"71,804",0.016,445,221,2594,1866,459,784,1658,211,132,1043,238,9.916,4.925,57.802,41.58,10.228,17.47,36.945,4.702,2.941,23.241,5.303
2007,F,0-4,945,"1,106,072",0.069,72,,38,2,0,10,20,3,1,2,0,0.449,0,0.237,0.012,0,0.062,0.125,0.019,0.006,0.012,0
2007,F,5-9,201,"1,420,331",0.073,65,,57,1,0,2,6,0,1,2,1,0.334,0,0.293,0.005,0,0.01,0.031,0,0.005,0.01,0.005
2007,F,10-14,159,"1,613,410",0.073,31,,42,2,1,1,5,1,0,0,12,0.14,0,0.19,0.009,0.005,0.005,0.023,0.005,0,0,0.054
2007,F,15-19,288,"1,500,646",0.072,47,,46,4,2,1,10,2,2,2,104,0.226,0,0.221,0.019,0.01,0.005,0.048,0.01,0.01,0.01,0.499
2007,F,20-24,572,"1,607,722",0.066,96,,52,8,4,3,15,1,4,4,289,0.394,0,0.213,0.033,0.016,0.012,0.062,0.004,0.016,0.016,1.186
2007,F,25-29,922,"1,945,164",0.065,85,,90,18,5,4,24,4,7,4,488,0.284,0,0.301,0.06,0.017,0.013,0.08,0.013,0.023,0.013,1.631
2007,F,30-34,1124,"1,969,823",0.071,83,,287,32,11,7,31,7,25,3,443,0.299,0,1.034,0.115,0.04,0.025,0.112,0.025,0.09,0.011,1.597
2007,F,35-39,1485,"2,175,204",0.081,126,,515,66,26,8,45,14,45,4,390,0.469,0,1.918,0.246,0.097,0.03,0.168,0.052,0.168,0.015,1.452
2007,F,40-44,1832,"2,026,553",0.082,153,1,686,120,34,12,76,28,70,7,345,0.619,0.004,2.776,0.486,0.138,0.049,0.308,0.113,0.283,0.028,1.396
2007,F,45-49,2959,"2,105,846",0.072,204,0,1289,231,73,13,159,35,119,23,355,0.697,0,4.407,0.79,0.25,0.044,0.544,0.12,0.407,0.079,1.214
2007,F,50-54,3164,"1,638,383",0.063,180,1,1534,264,111,19,178,49,113,17,258,0.692,0.004,5.899,1.015,0.427,0.073,0.684,0.188,0.435,0.065,0.992
2007,F,55-59,3326,"1,228,668",0.048,208,3,1548,349,139,14,206,75,95,39,194,0.813,0.012,6.048,1.363,0.543,0.055,0.805,0.293,0.371,0.152,0.758
2007,F,60-64,4348,"1,012,370",0.039,185,9,1968,479,260,25,325,119,142,54,182,0.713,0.035,7.581,1.845,1.002,0.096,1.252,0.458,0.547,0.208,0.701
2007,F,65-69,7748,"981,983",0.034,334,27,2936,1165,573,71,768,187,152,108,269,1.156,0.093,10.166,4.034,1.984,0.246,2.659,0.647,0.526,0.374,0.931
2007,F,70-74,11668,"790,845",0.032,484,76,3664,2002,937,127,1383,249,181,260,318,1.958,0.308,14.826,8.101,3.791,0.514,5.596,1.008,0.732,1.052,1.287
2007,F,75-79,16455,"543,047",0.027,533,176,3976,3118,1239,289,2214,274,193,476,332,2.65,0.875,19.768,15.503,6.16,1.437,11.008,1.362,0.96,2.367,1.651
2007,F,80-84,19137,"319,301",0.018,572,306,3335,3326,1130,462,2752,272,154,730,255,3.225,1.725,18.8,18.75,6.37,2.604,15.514,1.533,0.868,4.115,1.438
2007,F,85 +,34483,"207,080",0.016,1068,608,2887,4265,1066,1186,4672,309,155,1201,229,8.252,4.698,22.306,32.953,8.236,9.164,36.098,2.387,1.198,9.28,1.769
2008,M,0-4,1065,"1,191,039",0.069,109,0,34,5,0,11,19,1,1,2,0,0.631,0,0.197,0.029,0,0.064,0.11,0.006,0.006,0.012,0
2008,M,5-9,224,"1,468,935",0.073,92,0,42,5,0,0,3,0,1,0,0,0.457,0,0.209,0.025,0,0,0.015,0,0.005,0,0
2008,M,10-14,223,"1,779,836",0.073,62,0,53,6,1,1,6,1,0,0,13,0.254,0,0.217,0.025,0.004,0.004,0.025,0.004,0,0,0.053
2008,M,15-19,605,"1,740,377",0.072,267,0,56,9,0,4,14,1,3,2,124,1.105,0,0.232,0.037,0,0.017,0.058,0.004,0.012,0.008,0.513
2008,M,20-24,858,"1,695,754",0.066,298,0,77,6,3,3,26,2,5,1,284,1.16,0,0.3,0.023,0.012,0.012,0.101,0.008,0.019,0.004,1.105
2008,M,25-29,1490,"2,096,715",0.065,497,0,124,24,11,6,63,6,5,2,490,1.541,0,0.384,0.074,0.034,0.019,0.195,0.019,0.016,0.006,1.519
2008,M,30-34,1509,"2,045,263",0.071,394,0,194,38,11,8,80,7,22,0,449,1.368,0,0.673,0.132,0.038,0.028,0.278,0.024,0.076,0,1.559
2008,M,35-39,2829,"2,309,682",0.081,549,0,445,112,38,12,187,14,163,4,742,1.925,0,1.561,0.393,0.133,0.042,0.656,0.049,0.572,0.014,2.602
2008,M,40-44,4464,"2,117,845",0.082,771,1,887,262,108,24,323,36,437,14,727,2.985,0.004,3.434,1.014,0.418,0.093,1.251,0.139,1.692,0.054,2.815
2008,M,45-49,7614,"2,196,142",0.072,1048,1,1908,440,225,50,606,72,890,31,918,3.436,0.003,6.255,1.443,0.738,0.164,1.987,0.236,2.918,0.102,3.01
2008,M,50-54,9593,"1,770,211",0.063,950,0,3010,608,325,88,773,102,1110,59,864,3.381,0,10.712,2.164,1.157,0.313,2.751,0.363,3.95,0.21,3.075
2008,M,55-59,9890,"1,251,007",0.048,803,3,3733,760,411,84,800,132,856,90,689,3.081,0.012,14.323,2.916,1.577,0.322,3.07,0.506,3.284,0.345,2.644
2008,M,60-64,11091,"986,275",0.039,758,15,4699,945,466,93,872,183,683,175,612,2.997,0.059,18.581,3.737,1.843,0.368,3.448,0.724,2.701,0.692,2.42
2008,M,65-69,15980,"855,346",0.034,859,25,6876,1588,759,187,1295,281,585,435,727,3.415,0.099,27.332,6.312,3.017,0.743,5.148,1.117,2.325,1.729,2.89
2008,M,70-74,19886,"604,560",0.032,892,62,8060,2411,967,344,1644,331,480,738,673,4.721,0.328,42.662,12.762,5.118,1.821,8.702,1.752,2.541,3.906,3.562
2008,M,75-79,17795,"326,089",0.027,575,106,6535,2279,764,464,1549,284,279,926,435,4.761,0.878,54.109,18.87,6.326,3.842,12.826,2.352,2.31,7.667,3.602
2008,M,80-84,15227,"157,822",0.018,420,129,4245,2081,593,552,1424,261,144,948,308,4.79,1.471,48.415,23.734,6.763,6.296,16.241,2.977,1.642,10.812,3.513
2008,M,85 +,16587,"78,750",0.016,453,242,2806,1974,495,865,1705,223,106,1068,206,9.204,4.917,57.011,40.107,10.057,17.575,34.641,4.531,2.154,21.699,4.185
2008,F,0-4,897,"1,110,359",0.069,63,0,24,3,1,10,11,4,3,0,0,0.391,0,0.149,0.019,0.006,0.062,0.068,0.025,0.019,0,0
2008,F,5-9,170,"1,340,216",0.073,58,0,29,1,0,2,8,1,0,3,0,0.316,0,0.158,0.005,0,0.011,0.044,0.005,0,0.016,0
2008,F,10-14,156,"1,588,438",0.073,35,0,30,8,2,3,4,1,0,0,13,0.161,0,0.138,0.037,0.009,0.014,0.018,0.005,0,0,0.06
2008,F,15-19,294,"1,541,647",0.072,59,0,48,3,2,1,8,2,0,0,102,0.276,0,0.224,0.014,0.009,0.005,0.037,0.009,0,0,0.476
2008,F,20-24,508,"1,531,096",0.066,79,0,51,5,6,4,9,1,2,1,241,0.341,0,0.22,0.022,0.026,0.017,0.039,0.004,0.009,0.004,1.039
2008,F,25-29,905,"1,959,552",0.065,76,0,133,10,7,4,23,5,6,1,499,0.252,0,0.441,0.033,0.023,0.013,0.076,0.017,0.02,0.003,1.655
2008,F,30-34,1027,"1,909,544",0.071,57,0,237,32,11,3,20,5,15,5,447,0.212,0,0.881,0.119,0.041,0.011,0.074,0.019,0.056,0.019,1.662
2008,F,35-39,1422,"2,200,297",0.081,103,0,451,55,15,8,49,12,34,4,438,0.379,0,1.66,0.202,0.055,0.029,0.18,0.044,0.125,0.015,1.612
2008,F,40-44,1931,"2,017,430",0.082,130,0,746,118,41,9,74,15,79,7,410,0.528,0,3.032,0.48,0.167,0.037,0.301,0.061,0.321,0.028,1.666
2008,F,45-49,2784,"2,158,522",0.072,175,0,1240,196,59,16,128,40,89,19,386,0.584,0,4.136,0.654,0.197,0.053,0.427,0.133,0.297,0.063,1.288
2008,F,50-54,3378,"1,753,805",0.063,187,4,1614,307,92,19,164,50,130,21,310,0.672,0.014,5.798,1.103,0.33,0.068,0.589,0.18,0.467,0.075,1.114
2008,F,55-59,3343,"1,267,806",0.048,192,6,1628,297,153,23,213,74,87,37,182,0.727,0.023,6.164,1.124,0.579,0.087,0.806,0.28,0.329,0.14,0.689
2008,F,60-64,4269,"1,038,323",0.039,172,4,1975,448,234,32,324,135,91,37,205,0.646,0.015,7.418,1.683,0.879,0.12,1.217,0.507,0.342,0.139,0.77
2008,F,65-69,7068,"1,011,081",0.034,288,24,2798,973,460,75,634,187,154,103,254,0.968,0.081,9.409,3.272,1.547,0.252,2.132,0.629,0.518,0.346,0.854
2008,F,70-74,11465,"821,775",0.032,433,62,3653,1865,857,183,1289,271,195,228,303,1.686,0.241,14.225,7.262,3.337,0.713,5.019,1.055,0.759,0.888,1.18
2008,F,75-79,15574,"571,925",0.027,471,164,3912,2690,1057,284,2065,325,188,447,303,2.224,0.774,18.468,12.699,4.99,1.341,9.749,1.534,0.888,2.11,1.43
2008,F,80-84,19246,"334,776",0.018,534,277,3560,3140,1044,598,2701,307,167,681,263,2.871,1.489,19.141,16.883,5.613,3.215,14.523,1.651,0.898,3.662,1.414
2008,F,85 +,34738,"226,468",0.016,1074,762,2997,4228,1016,1396,4713,352,154,1249,244,7.588,5.384,21.174,29.871,7.178,9.863,33.297,2.487,1.088,8.824,1.724
2009,M,0-4,926,"1,174,722",0.069,66,0,24,7,0,13,14,2,3,1,0,0.388,0,0.141,0.041,0,0.076,0.082,0.012,0.018,0.006,0
2009,M,5-9,220,"1,393,600",0.073,91,0,29,3,1,4,4,0,1,2,1,0.477,0,0.152,0.016,0.005,0.021,0.021,0,0.005,0.01,0.005
2009,M,10-14,255,"1,729,504",0.073,61,0,49,4,0,1,9,3,1,4,23,0.257,0,0.207,0.017,0,0.004,0.038,0.013,0.004,0.017,0.097
2009,M,15-19,631,"1,788,329",0.072,224,0,78,7,1,2,19,1,1,0,168,0.902,0,0.314,0.028,0.004,0.008,0.076,0.004,0.004,0,0.676
2009,M,20-24,851,"1,658,347",0.066,269,0,66,14,0,8,22,7,2,1,304,1.071,0,0.263,0.056,0,0.032,0.088,0.028,0.008,0.004,1.21
2009,M,25-29,1403,"2,071,602",0.065,430,0,91,19,5,7,73,2,6,0,531,1.349,0,0.286,0.06,0.016,0.022,0.229,0.006,0.019,0,1.666
2009,M,30-34,1791,"1,992,214",0.071,421,0,182,41,15,10,101,12,28,5,676,1.5,0,0.649,0.146,0.053,0.036,0.36,0.043,0.1,0.018,2.409
2009,M,35-39,2742,"2,289,453",0.081,456,0,410,117,38,15,194,17,129,6,829,1.613,0,1.451,0.414,0.134,0.053,0.686,0.06,0.456,0.021,2.933
2009,M,40-44,4559,"2,164,790",0.082,675,0,881,229,83,33,381,29,432,10,908,2.557,0,3.337,0.867,0.314,0.125,1.443,0.11,1.636,0.038,3.439
2009,M,45-49,7251,"2,184,842",0.072,838,0,1769,412,179,46,563,67,819,28,1044,2.762,0,5.83,1.358,0.59,0.152,1.855,0.221,2.699,0.092,3.44
2009,M,50-54,10248,"1,887,016",0.063,1012,2,3163,599,364,89,808,88,1045,56,1200,3.379,0.007,10.56,2,1.215,0.297,2.698,0.294,3.489,0.187,4.006
2009,M,55-59,9997,"1,297,637",0.048,801,4,3765,630,354,107,900,122,814,69,832,2.963,0.015,13.927,2.33,1.309,0.396,3.329,0.451,3.011,0.255,3.078
2009,M,60-64,11353,"1,035,802",0.039,795,13,4803,847,470,134,953,159,632,133,781,2.993,0.049,18.084,3.189,1.77,0.505,3.588,0.599,2.38,0.501,2.941
2009,M,65-69,15313,"861,451",0.034,838,13,6490,1473,669,220,1271,260,583,350,758,3.307,0.051,25.615,5.814,2.64,0.868,5.016,1.026,2.301,1.381,2.992
2009,M,70-74,19441,"637,772",0.032,850,62,8065,2098,907,378,1604,307,442,651,750,4.265,0.311,40.466,10.527,4.551,1.897,8.048,1.54,2.218,3.266,3.763
2009,M,75-79,18508,"353,244",0.027,641,84,6698,2235,819,542,1678,316,266,947,524,4.899,0.642,51.196,17.083,6.26,4.143,12.826,2.415,2.033,7.238,4.005
2009,M,80-84,15398,"167,548",0.018,436,146,4365,1969,587,649,1462,302,140,987,354,4.684,1.569,46.894,21.153,6.306,6.972,15.707,3.244,1.504,10.604,3.803
2009,M,85 +,16813,"86,468",0.016,448,278,2918,1944,467,1017,1757,258,104,1096,246,8.29,5.144,53.995,35.972,8.641,18.819,32.511,4.774,1.924,20.28,4.552
2009,F,0-4,834,"1,098,912",0.069,69,0,35,3,0,7,21,0,2,1,0,0.433,0,0.22,0.019,0,0.044,0.132,0,0.013,0.006,0
2009,F,5-9,139,"1,277,896",0.073,46,0,31,1,0,2,8,0,1,0,1,0.263,0,0.177,0.006,0,0.011,0.046,0,0.006,0,0.006
2009,F,10-14,159,"1,554,630",0.073,39,0,34,1,1,2,8,1,0,1,24,0.183,0,0.16,0.005,0.005,0.009,0.038,0.005,0,0.005,0.113
2009,F,15-19,321,"1,580,489",0.072,38,0,45,5,1,4,11,2,1,0,138,0.173,0,0.205,0.023,0.005,0.018,0.05,0.009,0.005,0,0.629
2009,F,20-24,509,"1,494,654",0.066,75,0,53,5,5,3,11,2,2,3,244,0.331,0,0.234,0.022,0.022,0.013,0.049,0.009,0.009,0.013,1.077
2009,F,25-29,947,"1,929,488",0.065,75,0,114,17,10,7,11,3,5,2,558,0.253,0,0.384,0.057,0.034,0.024,0.037,0.01,0.017,0.007,1.88
2009,F,30-34,1154,"1,864,224",0.071,48,0,238,34,11,4,25,6,20,0,554,0.183,0,0.906,0.129,0.042,0.015,0.095,0.023,0.076,0,2.11
2009,F,35-39,1535,"2,177,509",0.081,78,0,475,44,13,7,39,9,50,3,566,0.29,0,1.767,0.164,0.048,0.026,0.145,0.033,0.186,0.011,2.105
2009,F,40-44,1906,"2,079,435",0.082,115,0,743,108,28,9,72,12,73,3,434,0.453,0,2.93,0.426,0.11,0.035,0.284,0.047,0.288,0.012,1.711
2009,F,45-49,2639,"2,136,420",0.072,139,0,1156,160,58,12,113,29,114,11,421,0.468,0,3.896,0.539,0.195,0.04,0.381,0.098,0.384,0.037,1.419
2009,F,50-54,3481,"1,874,127",0.063,189,3,1658,301,78,21,170,57,112,19,397,0.635,0.01,5.573,1.012,0.262,0.071,0.571,0.192,0.376,0.064,1.335
2009,F,55-59,3490,"1,314,068",0.048,194,5,1657,250,130,21,208,96,119,29,282,0.709,0.018,6.053,0.913,0.475,0.077,0.76,0.351,0.435,0.106,1.03
2009,F,60-64,4260,"1,081,239",0.039,175,1,2008,408,185,26,326,125,93,44,239,0.631,0.004,7.243,1.472,0.667,0.094,1.176,0.451,0.335,0.159,0.862
2009,F,65-69,6689,"1,008,828",0.034,286,18,2731,788,419,84,627,193,123,79,284,0.964,0.061,9.204,2.656,1.412,0.283,2.113,0.65,0.415,0.266,0.957
2009,F,70-74,11069,"854,731",0.032,412,48,3696,1542,774,188,1267,260,184,191,350,1.542,0.18,13.837,5.773,2.898,0.704,4.743,0.973,0.689,0.715,1.31
2009,F,75-79,15666,"600,927",0.027,456,154,4150,2475,986,377,2011,367,181,367,350,2.049,0.692,18.646,11.12,4.43,1.694,9.036,1.649,0.813,1.649,1.573
2009,F,80-84,19432,"360,838",0.018,535,262,3727,2951,1091,700,2829,323,175,589,321,2.669,1.307,18.592,14.721,5.442,3.492,14.112,1.611,0.873,2.938,1.601
2009,F,85 +,34963,"245,079",0.016,923,770,3379,4092,1008,1725,4845,427,164,1225,316,6.026,5.027,22.06,26.715,6.581,11.262,31.631,2.788,1.071,7.997,2.063
2010,M,0-4,1068,"1,172,828",0.069,85,0,20,3,0,15,12,1,5,2,0,0.5,0,0.118,0.018,0,0.088,0.071,0.006,0.029,0.012,0
2010,M,5-9,161,"1,300,568",0.073,68,0,29,1,0,4,4,0,0,0,0,0.382,0,0.163,0.006,0,0.022,0.022,0,0,0,0
2010,M,10-14,225,"1,682,748",0.073,67,0,53,11,1,2,11,2,1,1,18,0.291,0,0.23,0.048,0.004,0.009,0.048,0.009,0.004,0.004,0.078
2010,M,15-19,610,"1,821,378",0.072,232,0,77,5,1,3,20,2,1,1,121,0.917,0,0.304,0.02,0.004,0.012,0.079,0.008,0.004,0.004,0.478
2010,M,20-24,885,"1,654,707",0.066,292,0,70,12,2,3,32,4,1,4,298,1.165,0,0.279,0.048,0.008,0.012,0.128,0.016,0.004,0.016,1.189
2010,M,25-29,1342,"1,989,754",0.065,349,0,102,19,10,3,51,2,8,2,556,1.14,0,0.333,0.062,0.033,0.01,0.167,0.007,0.026,0.007,1.816
2010,M,30-34,1750,"2,000,527",0.071,385,1,187,42,9,7,96,5,34,1,692,1.366,0.004,0.664,0.149,0.032,0.025,0.341,0.018,0.121,0.004,2.456
2010,M,35-39,2549,"2,252,710",0.081,446,0,390,100,34,15,153,17,123,2,769,1.604,0,1.402,0.36,0.122,0.054,0.55,0.061,0.442,0.007,2.765
2010,M,40-44,4457,"2,192,383",0.082,694,0,824,226,101,20,339,20,369,14,920,2.596,0,3.082,0.845,0.378,0.075,1.268,0.075,1.38,0.052,3.441
2010,M,45-49,6950,"2,166,821",0.072,886,2,1628,384,191,39,531,43,755,21,1102,2.944,0.007,5.41,1.276,0.635,0.13,1.764,0.143,2.509,0.07,3.662
2010,M,50-54,10279,"1,972,536",0.063,998,1,3022,589,339,100,847,102,1053,53,1184,3.187,0.003,9.652,1.881,1.083,0.319,2.705,0.326,3.363,0.169,3.782
2010,M,55-59,10894,"1,397,202",0.048,896,4,3979,644,428,106,863,122,907,103,957,3.078,0.014,13.67,2.212,1.47,0.364,2.965,0.419,3.116,0.354,3.288
2010,M,60-64,11766,"1,083,119",0.039,801,9,4999,849,445,138,994,174,582,154,799,2.884,0.032,18,3.057,1.602,0.497,3.579,0.627,2.096,0.555,2.877
2010,M,65-69,14536,"871,002",0.034,805,18,6343,1297,621,235,1196,219,496,319,756,3.142,0.07,24.76,5.063,2.424,0.917,4.669,0.855,1.936,1.245,2.951
2010,M,70-74,19803,"664,268",0.032,835,59,8109,2052,926,448,1668,375,501,620,845,4.022,0.284,39.064,9.885,4.461,2.158,8.035,1.806,2.413,2.987,4.071
2010,M,75-79,20544,"386,793",0.027,731,97,7456,2541,924,676,1854,322,311,968,640,5.103,0.677,52.046,17.737,6.45,4.719,12.942,2.248,2.171,6.757,4.468
2010,M,80-84,16439,"178,050",0.018,483,164,4671,2027,670,801,1599,312,158,1039,367,4.883,1.658,47.222,20.492,6.773,8.098,16.165,3.154,1.597,10.504,3.71
2010,M,85 +,18055,"93,720",0.016,482,282,3250,2063,535,1252,1956,286,108,1169,297,8.229,4.814,55.484,35.22,9.134,21.374,33.393,4.883,1.844,19.957,5.07
2010,F,0-4,768,"1,098,975",0.069,53,,18,3,0,10,11,1,0,0,0,0.333,0,0.113,0.019,0,0.063,0.069,0.006,0,0,0
2010,F,5-9,99,"1,197,359",0.073,29,,17,4,0,0,4,0,2,1,0,0.177,0,0.104,0.024,0,0,0.024,0,0.012,0.006,0
2010,F,10-14,149,"1,526,961",0.073,28,,32,3,1,1,7,2,1,0,25,0.134,0,0.153,0.014,0.005,0.005,0.033,0.01,0.005,0,0.12
2010,F,15-19,279,"1,607,415",0.072,51,0,37,5,0,1,13,0,0,1,102,0.228,0,0.166,0.022,0,0.004,0.058,0,0,0.004,0.457
2010,F,20-24,466,"1,484,342",0.066,68,0,52,3,2,6,13,0,4,0,219,0.302,0,0.231,0.013,0.009,0.027,0.058,0,0.018,0,0.974
2010,F,25-29,775,"1,844,351",0.065,81,0,84,12,4,4,17,1,5,0,443,0.285,0,0.296,0.042,0.014,0.014,0.06,0.004,0.018,0,1.561
2010,F,30-34,1015,"1,877,257",0.071,63,0,199,21,8,7,22,3,20,0,487,0.238,0,0.753,0.079,0.03,0.026,0.083,0.011,0.076,0,1.842
2010,F,35-39,1407,"2,134,326",0.081,79,0,426,56,19,9,26,14,43,4,489,0.3,0,1.617,0.213,0.072,0.034,0.099,0.053,0.163,0.015,1.856
2010,F,40-44,1933,"2,113,987",0.082,91,0,736,113,25,11,70,20,71,7,476,0.353,0,2.855,0.438,0.097,0.043,0.272,0.078,0.275,0.027,1.846
2010,F,45-49,2606,"2,104,888",0.072,155,1,1133,189,48,14,114,31,117,17,399,0.53,0.003,3.876,0.646,0.164,0.048,0.39,0.106,0.4,0.058,1.365
2010,F,50-54,3607,"1,961,827",0.063,187,1,1742,306,77,17,151,51,135,19,408,0.601,0.003,5.594,0.983,0.247,0.055,0.485,0.164,0.434,0.061,1.31
2010,F,55-59,3616,"1,420,113",0.048,186,0,1730,324,105,31,217,66,98,25,309,0.629,0,5.847,1.095,0.355,0.105,0.733,0.223,0.331,0.085,1.044
2010,F,60-64,4347,"1,128,921",0.039,194,5,2028,422,191,37,306,110,94,44,243,0.67,0.017,7.006,1.458,0.66,0.128,1.057,0.38,0.325,0.152,0.839
2010,F,65-69,6534,"1,007,312",0.034,280,13,2663,718,408,96,600,191,135,83,293,0.945,0.044,8.988,2.423,1.377,0.324,2.025,0.645,0.456,0.28,0.989
2010,F,70-74,10792,"875,369",0.032,456,37,3576,1474,723,217,1267,265,166,203,339,1.667,0.135,13.072,5.388,2.643,0.793,4.632,0.969,0.607,0.742,1.239
2010,F,75-79,16359,"638,739",0.027,491,158,4430,2499,1158,435,2089,312,210,381,410,2.075,0.668,18.726,10.563,4.895,1.839,8.83,1.319,0.888,1.611,1.733
2010,F,80-84,20666,"387,547",0.018,548,295,4164,3116,1180,736,2986,376,185,610,305,2.545,1.37,19.34,14.473,5.481,3.418,13.869,1.746,0.859,2.833,1.417
2010,F,85 +,37603,"263,309",0.016,978,899,3771,4379,1163,2026,5441,479,188,1223,291,5.943,5.463,22.915,26.609,7.067,12.311,33.062,2.911,1.142,7.432,1.768
2011,M,0-4,1008,"1,193,656",0.069,73,,40,3,0,14,14,0,1,1,0,0.422,0,0.231,0.017,0,0.081,0.081,0,0.006,0.006,0
2011,M,5-9,139,"1,214,418",0.073,51,,27,6,0,3,8,0,0,1,0,0.307,0,0.162,0.036,0,0.018,0.048,0,0,0.006,0
2011,M,10-14,195,"1,630,159",0.073,49,,36,4,0,1,10,1,0,1,15,0.219,0,0.161,0.018,0,0.004,0.045,0.004,0,0.004,0.067
2011,M,15-19,593,"1,842,937",0.072,244,,63,6,2,3,15,4,0,1,150,0.953,0,0.246,0.023,0.008,0.012,0.059,0.016,0,0.004,0.586
2011,M,20-24,832,"1,678,222",0.066,233,,79,16,0,2,36,1,1,0,303,0.916,0,0.311,0.063,0,0.008,0.142,0.004,0.004,0,1.192
2011,M,25-29,1248,"1,909,497",0.065,319,,119,12,5,3,40,2,3,0,576,1.086,0,0.405,0.041,0.017,0.01,0.136,0.007,0.01,0,1.961
2011,M,30-34,1743,"2,049,481",0.071,354,,172,42,6,6,82,6,27,2,765,1.226,0,0.596,0.146,0.021,0.021,0.284,0.021,0.094,0.007,2.65
2011,M,35-39,2385,"2,181,088",0.081,385,,316,100,25,18,149,12,111,4,832,1.43,0,1.174,0.371,0.093,0.067,0.553,0.045,0.412,0.015,3.09
2011,M,40-44,4123,"2,240,870",0.082,559,,799,184,60,26,307,29,329,3,1001,2.046,0,2.924,0.673,0.22,0.095,1.123,0.106,1.204,0.011,3.663
2011,M,45-49,6453,"2,133,627",0.072,747,,1525,339,149,64,494,53,690,13,1050,2.521,0,5.146,1.144,0.503,0.216,1.667,0.179,2.328,0.044,3.543
2011,M,50-54,10359,"2,085,550",0.063,999,,2971,568,342,90,849,98,1062,42,1279,3.018,0,8.975,1.716,1.033,0.272,2.565,0.296,3.208,0.127,3.864
2011,M,55-59,11089,"1,519,137",0.048,906,1,4051,622,418,123,928,113,855,77,994,2.863,0.003,12.8,1.965,1.321,0.389,2.932,0.357,2.702,0.243,3.141
2011,M,60-64,11634,"1,126,838",0.039,751,14,4796,811,468,145,966,157,612,159,838,2.599,0.048,16.599,2.807,1.62,0.502,3.343,0.543,2.118,0.55,2.9
2011,M,65-69,13549,"863,928",0.034,732,28,5780,1095,643,250,1106,222,476,265,717,2.881,0.11,22.747,4.309,2.531,0.984,4.353,0.874,1.873,1.043,2.822
2011,M,70-74,20316,"689,761",0.032,910,53,8147,1931,1053,552,1825,365,498,596,900,4.222,0.246,37.796,8.958,4.885,2.561,8.467,1.693,2.31,2.765,4.175
2011,M,75-79,21419,"422,066",0.027,771,115,7583,2314,1028,728,1978,349,318,1027,752,4.932,0.736,48.509,14.803,6.576,4.657,12.653,2.233,2.034,6.57,4.811
2011,M,80-84,17073,"189,129",0.018,472,149,4935,1999,728,909,1770,300,138,1007,422,4.492,1.418,46.968,19.025,6.929,8.651,16.846,2.855,1.313,9.584,4.016
2011,M,85 +,19091,"99,503",0.016,508,388,3421,2133,626,1425,2195,308,130,1205,272,8.169,6.239,55.009,34.298,10.066,22.914,35.295,4.953,2.09,19.376,4.374
2011,F,0-4,766,"1,121,917",0.069,53,,21,1,0,13,18,0,2,2,0,0.326,0,0.129,0.006,0,0.08,0.111,0,0.012,0.012,0
2011,F,5-9,107,"1,121,978",0.073,28,,31,2,0,4,2,0,0,1,0,0.182,0,0.202,0.013,0,0.026,0.013,0,0,0.007,0
2011,F,10-14,141,"1,489,332",0.073,25,,32,6,2,5,8,1,1,1,11,0.123,0,0.157,0.029,0.01,0.025,0.039,0.005,0.005,0.005,0.054
2011,F,15-19,273,"1,625,599",0.072,48,,48,7,3,1,9,2,0,2,107,0.213,0,0.213,0.031,0.013,0.004,0.04,0.009,0,0.009,0.474
2011,F,20-24,422,"1,497,451",0.066,75,,52,8,3,4,6,3,0,0,204,0.331,0,0.229,0.035,0.013,0.018,0.026,0.013,0,0,0.899
2011,F,25-29,653,"1,755,305",0.065,52,,85,11,5,2,16,2,7,0,366,0.193,0,0.315,0.041,0.019,0.007,0.059,0.007,0.026,0,1.355
2011,F,30-34,1045,"1,917,946",0.071,60,,196,23,11,7,25,5,25,6,495,0.222,0,0.726,0.085,0.041,0.026,0.093,0.019,0.093,0.022,1.832
2011,F,35-39,1263,"2,060,239",0.081,59,,412,41,15,7,45,10,44,1,419,0.232,0,1.62,0.161,0.059,0.028,0.177,0.039,0.173,0.004,1.647
2011,F,40-44,1901,"2,168,151",0.082,115,,698,108,33,14,71,16,89,4,458,0.435,0,2.64,0.408,0.125,0.053,0.269,0.061,0.337,0.015,1.732
2011,F,45-49,2433,"2,057,463",0.072,138,,1077,174,50,16,95,22,95,10,398,0.483,0,3.769,0.609,0.175,0.056,0.332,0.077,0.332,0.035,1.393
2011,F,50-54,3497,"2,078,358",0.063,189,1,1642,285,84,22,148,52,127,28,436,0.573,0.003,4.977,0.864,0.255,0.067,0.449,0.158,0.385,0.085,1.322
2011,F,55-59,3729,"1,546,118",0.048,157,4,1833,295,131,28,202,71,114,24,337,0.487,0.012,5.691,0.916,0.407,0.087,0.627,0.22,0.354,0.075,1.046
2011,F,60-64,4208,"1,176,122",0.039,207,9,1980,371,188,41,308,99,86,42,245,0.686,0.03,6.566,1.23,0.623,0.136,1.021,0.328,0.285,0.139,0.812
2011,F,65-69,6041,"982,408",0.034,258,15,2516,621,371,99,566,141,114,62,260,0.893,0.052,8.708,2.149,1.284,0.343,1.959,0.488,0.395,0.215,0.9
2011,F,70-74,10492,"897,257",0.032,418,53,3512,1299,715,227,1194,254,179,177,337,1.491,0.189,12.525,4.633,2.55,0.81,4.258,0.906,0.638,0.631,1.202
2011,F,75-79,16170,"679,260",0.027,481,137,4388,2183,1080,549,2154,337,212,331,358,1.912,0.545,17.442,8.677,4.293,2.182,8.562,1.34,0.843,1.316,1.423
2011,F,80-84,20892,"410,686",0.018,530,357,4182,3021,1187,868,3199,342,180,588,310,2.323,1.565,18.329,13.241,5.203,3.804,14.021,1.499,0.789,2.577,1.359
2011,F,85 +,40095,"281,181",0.016,1047,1083,4012,4762,1343,2408,6463,551,224,1275,299,5.958,6.163,22.829,27.097,7.642,13.702,36.776,3.135,1.275,7.255,1.701
2012,M,0-4,964,"1,200,629",0.069,76,,31,1,0,9,22,1,0,0,0,0.437,0,0.178,0.006,0,0.052,0.126,0.006,0,0,0
2012,M,5-9,167,"1,180,798",0.073,61,,27,3,0,0,5,0,0,0,0,0.377,0,0.167,0.019,0,0,0.031,0,0,0,0
2012,M,10-14,168,"1,550,478",0.073,48,,40,4,1,1,6,0,0,2,13,0.226,0,0.188,0.019,0.005,0.005,0.028,0,0,0.009,0.061
2012,M,15-19,505,"1,821,485",0.072,193,,76,3,1,4,20,1,1,2,121,0.763,0,0.3,0.012,0.004,0.016,0.079,0.004,0.004,0.008,0.478
2012,M,20-24,828,"1,734,689",0.066,257,,85,8,1,5,31,5,1,0,297,0.978,0,0.323,0.03,0.004,0.019,0.118,0.019,0.004,0,1.13
2012,M,25-29,1032,"1,808,875",0.065,292,,77,18,1,4,50,1,4,1,444,1.049,0,0.277,0.065,0.004,0.014,0.18,0.004,0.014,0.004,1.595
2012,M,30-34,1659,"2,094,985",0.071,349,,170,45,9,6,95,4,23,0,714,1.183,0,0.576,0.153,0.031,0.02,0.322,0.014,0.078,0,2.42
2012,M,35-39,2241,"2,101,052",0.081,388,,340,102,41,10,160,14,104,6,680,1.496,0,1.311,0.393,0.158,0.039,0.617,0.054,0.401,0.023,2.622
2012,M,40-44,3925,"2,279,295",0.082,575,,732,213,64,27,323,27,282,7,913,2.069,0,2.633,0.766,0.23,0.097,1.162,0.097,1.015,0.025,3.285
2012,M,45-49,6183,"2,124,531",0.072,807,2,1432,378,137,55,544,49,667,16,918,2.735,0.007,4.853,1.281,0.464,0.186,1.844,0.166,2.26,0.054,3.111
2012,M,50-54,10090,"2,136,013",0.063,1022,3,2982,534,330,100,830,98,1091,52,1129,3.014,0.009,8.795,1.575,0.973,0.295,2.448,0.289,3.218,0.153,3.33
2012,M,55-59,11329,"1,608,745",0.048,945,3,4097,665,413,130,986,122,889,85,986,2.82,0.009,12.224,1.984,1.232,0.388,2.942,0.364,2.653,0.254,2.942
2012,M,60-64,11609,"1,164,089",0.039,819,14,4814,753,512,157,1051,156,707,160,715,2.744,0.047,16.128,2.523,1.715,0.526,3.521,0.523,2.369,0.536,2.395
2012,M,65-69,13120,"883,241",0.034,693,29,5752,1002,627,253,1118,252,443,275,613,2.668,0.112,22.142,3.857,2.414,0.974,4.304,0.97,1.705,1.059,2.36
2012,M,70-74,20793,"733,285",0.032,911,65,8464,1823,1013,622,1867,363,519,644,807,3.976,0.284,36.936,7.955,4.421,2.714,8.147,1.584,2.265,2.81,3.522
2012,M,75-79,23129,"454,917",0.027,853,148,8191,2499,1153,950,2198,415,343,1041,629,5.063,0.878,48.615,14.832,6.843,5.638,13.045,2.463,2.036,6.178,3.733
2012,M,80-84,18854,"204,670",0.018,504,236,5433,2158,822,1136,2004,344,164,1196,361,4.433,2.076,47.781,18.979,7.229,9.991,17.624,3.025,1.442,10.518,3.175
2012,M,85 +,20747,"105,603",0.016,564,466,3717,2169,724,1776,2382,375,126,1356,284,8.545,7.06,56.317,32.863,10.969,26.908,36.09,5.682,1.909,20.545,4.303
2012,F,0-4,758,"1,130,292",0.069,47,,25,3,0,5,20,1,2,1,0,0.287,0,0.153,0.018,0,0.031,0.122,0.006,0.012,0.006,0
2012,F,5-9,117,"1,096,153",0.073,37,,24,2,0,0,8,0,0,1,0,0.246,0,0.16,0.013,0,0,0.053,0,0,0.007,0
2012,F,10-14,105,"1,418,881",0.073,16,,23,2,1,0,6,0,0,0,11,0.082,0,0.118,0.01,0.005,0,0.031,0,0,0,0.057
2012,F,15-19,269,"1,614,091",0.072,42,,46,6,0,4,6,0,0,2,105,0.187,0,0.205,0.027,0,0.018,0.027,0,0,0.009,0.468
2012,F,20-24,372,"1,534,260",0.066,57,,48,6,1,6,12,0,1,0,165,0.245,0,0.206,0.026,0.004,0.026,0.052,0,0.004,0,0.71
2012,F,25-29,533,"1,655,989",0.065,61,,80,9,3,3,16,3,3,1,268,0.239,0,0.314,0.035,0.012,0.012,0.063,0.012,0.012,0.004,1.052
2012,F,30-34,967,"1,963,703",0.071,55,,209,39,12,5,25,3,22,1,419,0.199,0,0.756,0.141,0.043,0.018,0.09,0.011,0.08,0.004,1.515
2012,F,35-39,1121,"1,986,641",0.081,59,,355,36,14,6,41,6,37,5,368,0.241,0,1.447,0.147,0.057,0.024,0.167,0.024,0.151,0.02,1.5
2012,F,40-44,1846,"2,204,694",0.082,96,1,718,95,38,10,82,15,79,7,432,0.357,0.004,2.67,0.353,0.141,0.037,0.305,0.056,0.294,0.026,1.607
2012,F,45-49,2381,"2,048,855",0.072,133,0,1087,159,38,10,105,26,99,9,372,0.467,0,3.82,0.559,0.134,0.035,0.369,0.091,0.348,0.032,1.307
2012,F,50-54,3480,"2,127,006",0.063,206,1,1745,251,87,22,148,38,116,11,378,0.61,0.003,5.169,0.743,0.258,0.065,0.438,0.113,0.344,0.033,1.12
2012,F,55-59,3750,"1,633,180",0.048,195,6,1891,290,104,33,208,78,112,35,272,0.573,0.018,5.558,0.852,0.306,0.097,0.611,0.229,0.329,0.103,0.799
2012,F,60-64,4041,"1,213,715",0.039,220,6,1885,333,175,53,314,88,88,33,225,0.707,0.019,6.057,1.07,0.562,0.17,1.009,0.283,0.283,0.106,0.723
2012,F,65-69,5510,"991,450",0.034,244,12,2345,551,324,81,517,129,91,64,204,0.837,0.041,8.042,1.89,1.111,0.278,1.773,0.442,0.312,0.219,0.7
2012,F,70-74,10960,"940,767",0.032,441,73,3661,1303,757,296,1240,272,164,182,365,1.5,0.248,12.453,4.432,2.575,1.007,4.218,0.925,0.558,0.619,1.242
2012,F,75-79,16805,"712,482",0.027,529,182,4364,2323,1182,584,2277,368,215,345,347,2.005,0.69,16.538,8.803,4.479,2.213,8.629,1.395,0.815,1.307,1.315
2012,F,80-84,22184,"438,974",0.018,577,460,4328,3085,1369,1045,3275,422,197,663,322,2.366,1.886,17.747,12.65,5.614,4.285,13.429,1.73,0.808,2.719,1.32
2012,F,85 +,44629,"301,340",0.016,1276,1639,4463,4870,1603,2999,7011,592,203,1626,285,6.775,8.702,23.697,25.858,8.511,15.924,37.226,3.143,1.078,8.633,1.513
2013,M,0-4,852,"1,188,302",0.069,56,,23,3,0,7,16,0,0,1,0,0.325,0,0.134,0.017,0,0.041,0.093,0,0,0.006,0
2013,M,5-9,168,"1,179,593",0.073,62,,28,2,0,1,8,2,1,0,0,0.384,0,0.173,0.012,0,0.006,0.05,0.012,0.006,0,0
2013,M,10-14,156,"1,464,013",0.073,35,,48,1,0,2,9,1,0,2,14,0.175,0,0.239,0.005,0,0.01,0.045,0.005,0,0.01,0.07
2013,M,15-19,453,"1,779,769",0.072,154,,56,5,0,3,17,2,0,1,121,0.623,0,0.227,0.02,0,0.012,0.069,0.008,0,0.004,0.49
2013,M,20-24,794,"1,794,501",0.066,252,,71,16,1,3,28,2,3,2,280,0.927,0,0.261,0.059,0.004,0.011,0.103,0.007,0.011,0.007,1.03
2013,M,25-29,972,"1,734,720",0.065,265,,97,16,2,3,41,3,5,1,385,0.993,0,0.363,0.06,0.007,0.011,0.154,0.011,0.019,0.004,1.443
2013,M,30-34,1588,"2,111,042",0.071,316,,163,34,7,9,86,5,25,0,689,1.063,0,0.548,0.114,0.024,0.03,0.289,0.017,0.084,0,2.317
2013,M,35-39,2091,"2,028,863",0.081,352,,303,88,25,15,151,12,80,3,709,1.405,0,1.21,0.351,0.1,0.06,0.603,0.048,0.319,0.012,2.831
2013,M,40-44,3956,"2,305,325",0.082,489,,758,196,46,32,341,34,304,10,1026,1.739,0,2.696,0.697,0.164,0.114,1.213,0.121,1.081,0.036,3.649
2013,M,45-49,6056,"2,089,888",0.072,694,3,1371,334,139,41,512,53,646,9,1061,2.391,0.01,4.723,1.151,0.479,0.141,1.764,0.183,2.226,0.031,3.655
2013,M,50-54,9619,"2,190,098",0.063,914,3,2864,559,282,97,833,78,954,42,1214,2.629,0.009,8.239,1.608,0.811,0.279,2.396,0.224,2.744,0.121,3.492
2013,M,55-59,11728,"1,719,950",0.048,987,8,4174,674,429,149,1008,136,894,94,1108,2.754,0.022,11.649,1.881,1.197,0.416,2.813,0.38,2.495,0.262,3.092
2013,M,60-64,11544,"1,195,750",0.039,752,14,4922,746,421,192,980,156,623,135,753,2.453,0.046,16.053,2.433,1.373,0.626,3.196,0.509,2.032,0.44,2.456
2013,M,65-69,13051,"908,072",0.034,763,28,5696,1004,540,247,1122,219,467,262,632,2.857,0.105,21.327,3.759,2.022,0.925,4.201,0.82,1.749,0.981,2.366
2013,M,70-74,19628,"775,208",0.032,898,87,8101,1754,897,604,1693,353,488,557,737,3.707,0.359,33.44,7.24,3.703,2.493,6.989,1.457,2.014,2.299,3.042
2013,M,75-79,23446,"485,151",0.027,811,220,8554,2452,1106,1028,2161,439,343,941,684,4.513,1.224,47.605,13.646,6.155,5.721,12.027,2.443,1.909,5.237,3.807
2013,M,80-84,19258,"222,240",0.018,591,282,5776,2128,830,1173,1903,387,203,1028,349,4.787,2.284,46.782,17.235,6.722,9.501,15.413,3.134,1.644,8.326,2.827
2013,M,85 +,21228,"112,834",0.016,595,661,4072,2083,657,1827,2313,392,149,1311,297,8.437,9.373,57.741,29.537,9.316,25.907,32.799,5.559,2.113,18.59,4.211
2013,F,0-4,731,"1,121,025",0.069,50,0,21,3,0,6,16,4,1,0,0,0.308,0,0.129,0.018,0,0.037,0.098,0.025,0.006,0,0
2013,F,5-9,105,"1,100,229",0.073,31,0,24,2,0,1,2,0,0,0,0,0.206,0,0.159,0.013,0,0.007,0.013,0,0,0,0
2013,F,10-14,86,"1,339,075",0.073,16,0,16,3,0,1,10,0,0,0,11,0.087,0,0.087,0.016,0,0.005,0.055,0,0,0,0.06
2013,F,15-19,211,"1,593,281",0.072,34,0,40,1,2,2,6,1,1,1,82,0.154,0,0.181,0.005,0.009,0.009,0.027,0.005,0.005,0.005,0.371
2013,F,20-24,375,"1,576,405",0.066,51,0,52,7,2,1,13,1,1,1,161,0.214,0,0.218,0.029,0.008,0.004,0.054,0.004,0.004,0.004,0.674
2013,F,25-29,484,"1,580,535",0.065,47,0,67,8,4,0,11,0,3,0,268,0.193,0,0.276,0.033,0.016,0,0.045,0,0.012,0,1.102
2013,F,30-34,902,"1,975,213",0.071,59,0,217,27,6,4,27,7,26,0,400,0.212,0,0.78,0.097,0.022,0.014,0.097,0.025,0.093,0,1.438
2013,F,35-39,1132,"1,920,853",0.081,47,0,379,40,13,8,37,9,46,1,365,0.198,0,1.598,0.169,0.055,0.034,0.156,0.038,0.194,0.004,1.539
2013,F,40-44,1800,"2,222,650",0.082,88,0,729,95,24,8,56,20,97,6,425,0.325,0,2.689,0.35,0.089,0.03,0.207,0.074,0.358,0.022,1.568
2013,F,45-49,2411,"2,035,425",0.072,122,0,1137,160,51,15,108,25,93,7,348,0.432,0,4.022,0.566,0.18,0.053,0.382,0.088,0.329,0.025,1.231
2013,F,50-54,3455,"2,174,567",0.063,185,2,1744,263,66,23,115,50,114,17,411,0.536,0.006,5.053,0.762,0.191,0.067,0.333,0.145,0.33,0.049,1.191
2013,F,55-59,4023,"1,737,360",0.048,210,0,2018,306,132,38,213,87,111,29,321,0.58,0,5.575,0.845,0.365,0.105,0.588,0.24,0.307,0.08,0.887
2013,F,60-64,4145,"1,247,802",0.039,201,8,2052,293,159,59,285,110,105,35,216,0.628,0.025,6.414,0.916,0.497,0.184,0.891,0.344,0.328,0.109,0.675
2013,F,65-69,5475,"1,006,436",0.034,242,23,2467,456,280,72,474,152,89,56,190,0.818,0.078,8.334,1.54,0.946,0.243,1.601,0.513,0.301,0.189,0.642
2013,F,70-74,10450,"979,241",0.032,408,60,3696,1209,691,234,1150,270,168,157,285,1.333,0.196,12.078,3.951,2.258,0.765,3.758,0.882,0.549,0.513,0.931
2013,F,75-79,16523,"743,323",0.027,501,237,4582,2235,1126,577,2074,396,181,295,318,1.82,0.861,16.643,8.118,4.09,2.096,7.533,1.438,0.657,1.072,1.155
2013,F,80-84,22015,"465,166",0.018,621,605,4428,3102,1327,1088,3032,451,207,602,267,2.403,2.341,17.135,12.003,5.135,4.21,11.733,1.745,0.801,2.329,1.033
2013,F,85 +,45309,"324,988",0.016,1352,2076,4586,5140,1623,3278,6726,669,236,1466,300,6.656,10.221,22.578,25.306,7.99,16.138,33.114,3.294,1.162,7.217,1.477
2014,M,0-4,840,"1,179,604",0.069,51,0,18,0,0,3,13,0,1,1,0,0.298,0,0.105,0,0,0.018,0.076,0,0.006,0.006,
2014,M,5-9,122,"1,163,582",0.073,46,0,25,2,0,1,2,0,1,1,1,0.289,0,0.157,0.013,0,0.006,0.013,0,0.006,0.006,
2014,M,10-14,114,"1,389,826",0.073,20,0,33,1,0,0,4,1,0,0,13,0.105,0,0.173,0.005,0,0,0.021,0.005,0,0,
2014,M,15-19,466,"1,728,466",0.072,199,0,46,7,1,5,14,1,0,0,107,0.829,0,0.192,0.029,0.004,0.021,0.058,0.004,0,0,
2014,M,20-24,761,"1,844,096",0.066,215,0,86,8,3,8,32,1,1,1,285,0.769,0,0.308,0.029,0.011,0.029,0.115,0.004,0.004,0.004,
2014,M,25-29,890,"1,714,497",0.065,200,0,87,14,6,3,40,2,3,0,414,0.758,0,0.33,0.053,0.023,0.011,0.152,0.008,0.011,0,
2014,M,30-34,1493,"2,096,735",0.071,296,0,162,45,6,9,73,12,21,2,644,1.002,0,0.549,0.152,0.02,0.03,0.247,0.041,0.071,0.007,
2014,M,35-39,2013,"1,982,864",0.081,291,1,296,95,28,20,151,10,63,3,759,1.189,0.004,1.209,0.388,0.114,0.082,0.617,0.041,0.257,0.012,
2014,M,40-44,3580,"2,286,346",0.082,452,0,666,197,53,16,293,19,297,5,961,1.621,0,2.389,0.707,0.19,0.057,1.051,0.068,1.065,0.018,
2014,M,45-49,5789,"2,169,125",0.072,580,0,1386,315,150,45,536,49,545,19,1077,1.925,0,4.601,1.046,0.498,0.149,1.779,0.163,1.809,0.063,
2014,M,50-54,9183,"2,180,821",0.063,798,1,2661,526,276,125,796,95,932,48,1194,2.305,0.003,7.687,1.52,0.797,0.361,2.3,0.274,2.692,0.139,
2014,M,55-59,11838,"1,841,582",0.048,951,7,4299,674,403,175,1079,135,942,86,1053,2.479,0.018,11.205,1.757,1.05,0.456,2.812,0.352,2.455,0.224,
2014,M,60-64,11742,"1,243,960",0.039,776,17,4856,783,455,185,1038,175,682,141,789,2.433,0.053,15.224,2.455,1.426,0.58,3.254,0.549,2.138,0.442,
2014,M,65-69,13297,"958,234",0.034,677,37,5914,974,510,311,1204,207,455,246,618,2.402,0.131,20.984,3.456,1.81,1.103,4.272,0.734,1.614,0.873,
2014,M,70-74,18671,"783,053",0.032,769,96,7850,1613,842,632,1713,345,419,553,618,3.143,0.392,32.08,6.592,3.441,2.583,7,1.41,1.712,2.26,
2014,M,75-79,23397,"518,840",0.027,869,208,8661,2278,1034,1137,2239,454,368,915,580,4.522,1.082,45.071,11.855,5.381,5.917,11.652,2.363,1.915,4.762,
2014,M,80-84,20883,"241,136",0.018,627,320,6450,2160,815,1397,2185,412,164,1095,380,4.68,2.389,48.147,16.124,6.084,10.428,16.31,3.075,1.224,8.174,
2014,M,85 +,22221,"122,310",0.016,645,615,4373,2134,701,2108,2511,436,150,1380,243,8.438,8.045,57.205,27.916,9.17,27.576,32.848,5.704,1.962,18.052,
2014,F,0-4,704,"1,115,412",0.069,31,0,22,3,0,4,17,1,1,0,0,0.192,0,0.136,0.019,0,0.025,0.105,0.006,0.006,0,
2014,F,5-9,99,"1,088,920",0.073,22,0,26,0,0,0,4,1,0,0,0,0.147,0,0.174,0,0,0,0.027,0.007,0,0,
2014,F,10-14,86,"1,276,349",0.073,14,0,21,1,0,1,5,0,0,1,6,0.08,0,0.12,0.006,0,0.006,0.029,0,0,0.006,
2014,F,15-19,257,"1,561,263",0.072,94,0,32,7,1,1,4,0,1,1,67,0.433,0,0.148,0.032,0.005,0.005,0.018,0,0.005,0.005,
2014,F,20-24,344,"1,613,309",0.066,49,0,41,7,3,0,13,2,0,1,160,0.2,0,0.168,0.029,0.012,0,0.053,0.008,0,0.004,
2014,F,25-29,441,"1,544,633",0.065,56,0,56,12,4,6,12,1,7,0,216,0.236,0,0.236,0.05,0.017,0.025,0.05,0.004,0.029,0,
2014,F,30-34,814,"1,948,719",0.071,54,0,174,20,10,4,19,7,23,1,372,0.197,0,0.634,0.073,0.036,0.015,0.069,0.026,0.084,0.004,
2014,F,35-39,1124,"1,871,522",0.081,64,0,360,32,10,11,39,8,53,1,362,0.277,0,1.558,0.138,0.043,0.048,0.169,0.035,0.229,0.004,
2014,F,40-44,1679,"2,193,282",0.082,76,1,676,104,27,15,70,8,86,3,375,0.284,0.004,2.527,0.389,0.101,0.056,0.262,0.03,0.322,0.011,
2014,F,45-49,2349,"2,125,961",0.072,115,0,1095,180,36,18,98,23,99,6,379,0.389,0,3.708,0.61,0.122,0.061,0.332,0.078,0.335,0.02,
2014,F,50-54,3299,"2,153,964",0.063,137,4,1672,215,61,21,180,53,145,18,390,0.401,0.012,4.89,0.629,0.178,0.061,0.526,0.155,0.424,0.053,
2014,F,55-59,4066,"1,857,434",0.048,186,1,2087,269,115,47,206,67,113,42,340,0.481,0.003,5.393,0.695,0.297,0.121,0.532,0.173,0.292,0.109,
2014,F,60-64,4263,"1,297,261",0.039,188,8,2094,340,162,75,306,88,96,29,205,0.565,0.024,6.295,1.022,0.487,0.225,0.92,0.265,0.289,0.087,
2014,F,65-69,5386,"1,047,495",0.034,239,13,2433,465,282,98,496,138,111,49,184,0.776,0.042,7.897,1.509,0.915,0.318,1.61,0.448,0.36,0.159,
2014,F,70-74,9600,"980,699",0.032,337,60,3443,1086,583,259,1077,247,161,133,264,1.1,0.196,11.234,3.544,1.902,0.845,3.514,0.806,0.525,0.434,
2014,F,75-79,16125,"779,558",0.027,505,226,4667,2008,929,654,2099,346,221,302,301,1.749,0.783,16.164,6.955,3.218,2.265,7.27,1.198,0.765,1.046,
2014,F,80-84,22374,"491,882",0.018,607,561,4808,2908,1358,1200,3177,483,223,550,230,2.221,2.053,17.594,10.642,4.969,4.391,11.626,1.767,0.816,2.013,
2014,F,85 +,47339,"353,919",0.016,1444,2223,5035,5000,1662,3548,7363,717,250,1537,248,6.528,10.05,22.762,22.604,7.514,16.04,33.287,3.241,1.13,6.948,
2015,M,0-4,797,"1,175,609",0.069,49,0,25,3,0,5,19,3,1,0,0,0.288,0,0.147,0.018,0,0.029,0.112,0.018,0.006,0,0
2015,M,5-9,127,"1,161,732",0.073,40,0,25,3,0,6,3,1,0,0,0,0.251,0,0.157,0.019,0,0.038,0.019,0.006,0,0,0
2015,M,10-14,125,"1,294,946",0.073,37,0,23,4,1,0,7,1,0,0,12,0.209,0,0.13,0.023,0.006,0,0.039,0.006,0,0,0.068
2015,M,15-19,372,"1,684,718",0.072,128,0,54,3,0,2,17,1,0,0,98,0.547,0,0.231,0.013,0,0.009,0.073,0.004,0,0,0.419
2015,M,20-24,731,"1,877,884",0.066,223,1,67,9,6,5,29,2,0,1,258,0.784,0.004,0.235,0.032,0.021,0.018,0.102,0.007,0,0.004,0.907
2015,M,25-29,920,"1,730,403",0.065,249,0,90,14,2,5,32,2,4,0,377,0.935,0,0.338,0.053,0.008,0.019,0.12,0.008,0.015,0,1.416
2015,M,30-34,1305,"2,015,092",0.071,225,0,160,37,10,13,85,7,32,2,546,0.793,0,0.564,0.13,0.035,0.046,0.299,0.025,0.113,0.007,1.924
2015,M,35-39,1840,"2,004,556",0.081,260,0,289,75,23,15,152,11,78,1,663,1.051,0,1.168,0.303,0.093,0.061,0.614,0.044,0.315,0.004,2.679
2015,M,40-44,3309,"2,248,961",0.082,377,2,671,180,43,30,287,21,261,9,842,1.375,0.007,2.447,0.656,0.157,0.109,1.046,0.077,0.952,0.033,3.07
2015,M,45-49,5525,"2,199,587",0.072,612,0,1245,347,126,62,535,40,581,11,968,2.003,0,4.075,1.136,0.412,0.203,1.751,0.131,1.902,0.036,3.169
2015,M,50-54,8567,"2,165,419",0.063,769,1,2542,542,254,120,752,91,862,36,1068,2.237,0.003,7.396,1.577,0.739,0.349,2.188,0.265,2.508,0.105,3.107
2015,M,55-59,11846,"1,932,408",0.048,911,7,4220,687,392,197,1067,161,1003,70,1171,2.263,0.017,10.482,1.706,0.974,0.489,2.65,0.4,2.491,0.174,2.909
2015,M,60-64,12414,"1,345,931",0.039,827,19,4962,777,462,271,1178,167,747,143,821,2.396,0.055,14.378,2.251,1.339,0.785,3.413,0.484,2.165,0.414,2.379
2015,M,65-69,13832,"1,009,632",0.034,755,45,6026,886,519,395,1354,270,540,279,605,2.543,0.152,20.293,2.984,1.748,1.33,4.56,0.909,1.818,0.94,2.037
2015,M,70-74,17927,"796,175",0.032,742,84,7442,1476,732,764,1689,364,376,509,659,2.982,0.338,29.911,5.932,2.942,3.071,6.788,1.463,1.511,2.046,2.649
2015,M,75-79,23945,"546,349",0.027,847,213,8484,2292,1076,1355,2339,490,341,963,709,4.186,1.053,41.927,11.327,5.317,6.696,11.559,2.422,1.685,4.759,3.504
2015,M,80-84,22650,"266,996",0.018,701,334,6721,2233,857,1772,2358,495,203,1210,483,4.726,2.252,45.311,15.054,5.778,11.946,15.897,3.337,1.369,8.157,3.256
2015,M,85 +,24195,"129,496",0.016,661,674,4632,2224,747,2678,2797,474,154,1471,276,8.167,8.328,57.231,27.479,9.23,33.088,34.559,5.857,1.903,18.175,3.41
2015,F,0-4,639,"1,114,488",0.069,41,,16,1,0,11,11,1,1,0,0,0.254,0,0.099,0.006,0,0.068,0.068,0.006,0.006,0,0
2015,F,5-9,87,"1,089,368",0.073,20,0,23,2,0,1,4,1,3,0,0,0.134,0,0.154,0.013,0,0.007,0.027,0.007,0.02,0,0
2015,F,10-14,67,"1,193,740",0.073,12,0,11,4,0,2,1,2,0,0,7,0.073,0,0.067,0.024,0,0.012,0.006,0.012,0,0,0.043
2015,F,15-19,187,"1,537,550",0.072,21,0,37,5,2,3,5,0,0,0,68,0.098,0,0.173,0.023,0.009,0.014,0.023,0,0,0,0.318
2015,F,20-24,350,"1,634,084",0.066,56,0,60,10,4,3,9,0,0,1,145,0.226,0,0.242,0.04,0.016,0.012,0.036,0,0,0.004,0.586
2015,F,25-29,484,"1,539,051",0.065,53,0,83,12,5,7,9,0,8,2,218,0.224,0,0.351,0.051,0.021,0.03,0.038,0,0.034,0.008,0.921
2015,F,30-34,799,"1,856,510",0.071,66,0,197,19,7,9,23,5,22,0,329,0.252,0,0.753,0.073,0.027,0.034,0.088,0.019,0.084,0,1.258
2015,F,35-39,1096,"1,887,544",0.081,55,0,384,44,9,4,34,8,52,5,334,0.236,0,1.648,0.189,0.039,0.017,0.146,0.034,0.223,0.021,1.433
2015,F,40-44,1615,"2,149,420",0.082,70,0,637,86,17,15,84,16,93,4,365,0.267,0,2.43,0.328,0.065,0.057,0.32,0.061,0.355,0.015,1.392
2015,F,45-49,2358,"2,154,449",0.072,130,1,1067,147,44,26,118,29,117,5,378,0.434,0.003,3.566,0.491,0.147,0.087,0.394,0.097,0.391,0.017,1.263
2015,F,50-54,2979,"2,123,620",0.063,150,0,1515,198,58,26,141,42,124,13,311,0.445,0,4.494,0.587,0.172,0.077,0.418,0.125,0.368,0.039,0.923
2015,F,55-59,4086,"1,951,809",0.048,178,5,2178,291,115,48,225,70,127,22,302,0.438,0.012,5.356,0.716,0.283,0.118,0.553,0.172,0.312,0.054,0.743
2015,F,60-64,4447,"1,404,900",0.039,173,6,2279,353,135,74,324,104,117,47,229,0.48,0.017,6.327,0.98,0.375,0.205,0.899,0.289,0.325,0.13,0.636
2015,F,65-69,5541,"1,095,999",0.034,219,29,2492,480,263,123,451,135,118,93,217,0.679,0.09,7.731,1.489,0.816,0.382,1.399,0.419,0.366,0.289,0.673
2015,F,70-74,9250,"983,369",0.032,341,74,3418,914,537,308,1018,250,145,124,238,1.11,0.241,11.123,2.974,1.747,1.002,3.313,0.814,0.472,0.404,0.774
2015,F,75-79,16332,"804,154",0.027,556,217,4580,1957,947,798,2112,410,211,297,291,1.867,0.729,15.378,6.571,3.18,2.679,7.091,1.377,0.708,0.997,0.977
2015,F,80-84,23477,"526,920",0.018,617,666,4872,2927,1375,1442,3447,582,265,586,273,2.108,2.275,16.643,9.999,4.697,4.926,11.775,1.988,0.905,2.002,0.933
2015,F,85 +,51632,"382,078",0.016,1470,2655,5327,5211,1788,4361,8235,843,261,1634,250,6.156,11.118,22.307,21.822,7.487,18.262,34.485,3.53,1.093,6.843,1.047
2016,M,0-4,778,"1,148,547",0.069,58,,25,7,,7,13,3,2,0,0,0.348,0,0.15,0.042,0,0.042,0.078,0.018,0.012,0,0
2016,M,5-9,126,"1,183,575",0.073,41,,27,3,,5,5,1,0,1,0,0.253,0,0.167,0.019,0,0.031,0.031,0.006,0,0.006,0
2016,M,10-14,107,"1,209,141",0.073,28,,25,1,,0,4,0,0,0,7,0.169,0,0.151,0.006,0,0,0.024,0,0,0,0.042
2016,M,15-19,370,"1,632,747",0.072,134,,46,7,,1,6,1,1,2,100,0.591,0,0.203,0.031,0,0.004,0.026,0.004,0.004,0.009,0.441
2016,M,20-24,715,"1,903,218",0.066,191,,95,5,4,6,24,2,2,1,273,0.662,0,0.329,0.017,0.014,0.021,0.083,0.007,0.007,0.003,0.947
2016,M,25-29,916,"1,739,228",0.065,232,,76,17,7,7,34,0,4,0,397,0.867,0,0.284,0.064,0.026,0.026,0.127,0,0.015,0,1.484
2016,M,30-34,1173,"1,922,760",0.071,222,,122,40,6,17,75,3,28,0,515,0.82,0,0.45,0.148,0.022,0.063,0.277,0.011,0.103,0,1.902
2016,M,35-39,1809,"2,044,466",0.081,269,1,283,86,24,12,138,7,84,1,638,1.066,0.004,1.121,0.341,0.095,0.048,0.547,0.028,0.333,0.004,2.528
2016,M,40-44,3118,"2,160,777",0.082,339,1,568,190,55,32,288,21,235,5,848,1.286,0.004,2.156,0.721,0.209,0.121,1.093,0.08,0.892,0.019,3.218
2016,M,45-49,5374,"2,241,597",0.072,570,0,1314,300,111,77,530,41,515,7,972,1.831,0,4.221,0.964,0.357,0.247,1.702,0.132,1.654,0.022,3.122
2016,M,50-54,8041,"2,112,259",0.063,783,1,2308,428,219,151,740,96,806,26,969,2.335,0.003,6.884,1.277,0.653,0.45,2.207,0.286,2.404,0.078,2.89
2016,M,55-59,11703,"2,054,239",0.048,958,11,4072,661,372,232,1156,134,991,69,1068,2.238,0.026,9.515,1.545,0.869,0.542,2.701,0.313,2.316,0.161,2.496
2016,M,60-64,12829,"1,466,124",0.039,853,16,5165,759,428,316,1248,191,777,143,792,2.269,0.043,13.739,2.019,1.139,0.841,3.32,0.508,2.067,0.38,2.107
2016,M,65-69,13794,"1,059,400",0.034,742,56,5946,935,480,447,1247,237,518,245,632,2.381,0.18,19.083,3.001,1.54,1.435,4.002,0.761,1.662,0.786,2.028
2016,M,70-74,17009,"780,645",0.032,716,68,7101,1304,648,787,1656,353,426,434,590,2.935,0.279,29.108,5.345,2.656,3.226,6.788,1.447,1.746,1.779,2.419
2016,M,75-79,24590,"573,514",0.027,909,201,8765,2119,955,1498,2471,562,403,889,665,4.279,0.946,41.264,9.976,4.496,7.052,11.633,2.646,1.897,4.185,3.131
2016,M,80-84,24281,"299,295",0.018,755,333,7220,2261,861,2075,2620,518,226,1133,467,4.541,2.003,43.422,13.598,5.178,12.479,15.757,3.115,1.359,6.814,2.809
2016,M,85 +,25786,"139,417",0.016,694,716,5048,2160,721,3020,3074,580,147,1402,310,7.965,8.217,57.933,24.789,8.274,34.659,35.278,6.656,1.687,16.09,3.558
2016,F,0-4,598,"1,091,563",0.069,27,,17,1,0,9,13,1,0,1,0,0.171,0,0.107,0.006,0,0.057,0.082,0.006,0,0.006,0
2016,F,5-9,100,"1,113,571",0.073,17,,28,0,0,6,6,0,2,0,0,0.111,0,0.184,0,0,0.039,0.039,0,0.013,0,0
2016,F,10-14,71,"1,118,166",0.073,9,,16,2,0,7,6,0,0,0,3,0.059,0,0.104,0.013,0,0.046,0.039,0,0,0,0.02
2016,F,15-19,192,"1,499,457",0.072,23,,36,7,0,1,10,0,0,0,77,0.11,0,0.173,0.034,0,0.005,0.048,0,0,0,0.37
2016,F,20-24,358,"1,656,631",0.066,42,,54,6,0,2,13,1,0,0,167,0.167,0,0.215,0.024,0,0.008,0.052,0.004,0,0,0.665
2016,F,25-29,439,"1,540,583",0.065,44,,58,9,5,7,18,1,1,1,213,0.186,0,0.245,0.038,0.021,0.03,0.076,0.004,0.004,0.004,0.899
2016,F,30-34,667,"1,765,495",0.071,39,,152,17,6,9,17,2,18,2,304,0.157,0,0.611,0.068,0.024,0.036,0.068,0.008,0.072,0.008,1.223
2016,F,35-39,1114,"1,920,219",0.081,54,,365,47,7,12,46,11,59,3,338,0.228,0,1.54,0.198,0.03,0.051,0.194,0.046,0.249,0.013,1.426
2016,F,40-44,1513,"2,069,252",0.082,70,,616,82,18,12,73,6,86,5,331,0.277,0,2.441,0.325,0.071,0.048,0.289,0.024,0.341,0.02,1.312
2016,F,45-49,2273,"2,200,173",0.072,77,,1047,152,40,25,105,22,113,3,372,0.252,0,3.426,0.497,0.131,0.082,0.344,0.072,0.37,0.01,1.217
2016,F,50-54,2965,"2,058,038",0.063,152,,1502,203,52,35,139,48,122,11,330,0.465,0,4.598,0.621,0.159,0.107,0.426,0.147,0.373,0.034,1.01
2016,F,55-59,4299,"2,080,676",0.048,213,5,2262,274,99,57,231,69,149,22,347,0.491,0.012,5.218,0.632,0.228,0.131,0.533,0.159,0.344,0.051,0.801
2016,F,60-64,4744,"1,528,218",0.039,203,6,2367,366,136,111,345,106,116,39,216,0.518,0.015,6.041,0.934,0.347,0.283,0.88,0.271,0.296,0.1,0.551
2016,F,65-69,5527,"1,150,604",0.034,241,24,2413,462,246,147,548,150,106,62,172,0.712,0.071,7.13,1.365,0.727,0.434,1.619,0.443,0.313,0.183,0.508
2016,F,70-74,8453,"948,477",0.032,323,55,3216,756,378,332,989,228,148,114,223,1.09,0.186,10.85,2.551,1.275,1.12,3.337,0.769,0.499,0.385,0.752
2016,F,75-79,16429,"826,652",0.027,537,206,4725,1787,882,808,2201,418,233,287,262,1.754,0.673,15.433,5.837,2.881,2.639,7.189,1.365,0.761,0.937,0.856
2016,F,80-84,23987,"567,927",0.018,659,565,5161,2716,1256,1562,3528,526,233,509,233,2.089,1.791,16.357,8.608,3.981,4.951,11.182,1.667,0.738,1.613,0.738
2016,F,85 +,54536,"411,152",0.016,1444,2557,5949,5240,1791,4865,8875,962,247,1571,261,5.619,9.951,23.151,20.391,6.97,18.932,34.537,3.744,0.961,6.114,1.016
2017,M,0-4,676,"1,102,364",0.069,51,0,14,2,0,6,17,1,0,0,0,0.319,0,0.088,0.013,0,0.038,0.106,0.006,0,0,0
2017,M,5-9,143,"1,188,607",0.073,51,0,29,0,0,1,7,0,0,0,0,0.313,0,0.178,0,0,0.006,0.043,0,0,0,0
2017,M,10-14,113,"1,173,575",0.073,27,0,33,5,0,0,3,0,1,0,15,0.168,0,0.205,0.031,0,0,0.019,0,0.006,0,0.093
2017,M,15-19,333,"1,554,471",0.072,109,0,39,5,1,2,9,0,0,2,104,0.505,0,0.181,0.023,0.005,0.009,0.042,0,0,0.009,0.482
2017,M,20-24,679,"1,882,066",0.066,180,0,70,8,4,9,30,0,1,1,266,0.631,0,0.245,0.028,0.014,0.032,0.105,0,0.004,0.004,0.933
2017,M,25-29,937,"1,791,765",0.065,220,0,79,13,5,5,55,2,7,2,424,0.798,0,0.287,0.047,0.018,0.018,0.2,0.007,0.025,0.007,1.538
2017,M,30-34,1086,"1,825,165",0.071,162,0,113,39,10,7,56,2,32,0,502,0.63,0,0.44,0.152,0.039,0.027,0.218,0.008,0.124,0,1.953
2017,M,35-39,1788,"2,089,929",0.081,257,0,290,64,25,16,140,7,86,4,661,0.996,0,1.124,0.248,0.097,0.062,0.543,0.027,0.333,0.016,2.562
2017,M,40-44,2754,"2,083,256",0.082,327,0,527,178,38,29,249,20,197,8,726,1.287,0,2.074,0.701,0.15,0.114,0.98,0.079,0.775,0.031,2.858
2017,M,45-49,5149,"2,278,705",0.072,509,1,1151,264,128,53,493,52,522,12,942,1.608,0.003,3.637,0.834,0.404,0.167,1.558,0.164,1.649,0.038,2.976
2017,M,50-54,7606,"2,107,628",0.063,709,2,2127,423,172,113,780,71,791,21,952,2.119,0.006,6.358,1.264,0.514,0.338,2.332,0.212,2.364,0.063,2.846
2017,M,55-59,11817,"2,102,223",0.048,965,4,4120,676,301,259,1124,131,994,55,1036,2.203,0.009,9.407,1.544,0.687,0.591,2.566,0.299,2.27,0.126,2.365
2017,M,60-64,13027,"1,554,982",0.039,865,23,5228,719,408,353,1235,190,812,132,813,2.169,0.058,13.112,1.803,1.023,0.885,3.097,0.477,2.037,0.331,2.039
2017,M,65-69,13480,"1,098,706",0.034,711,41,6000,853,404,517,1310,222,497,215,532,2.2,0.127,18.567,2.64,1.25,1.6,4.054,0.687,1.538,0.665,1.646
2017,M,70-74,16012,"800,334",0.032,706,66,6681,1230,549,792,1591,274,368,410,542,2.823,0.264,26.713,4.918,2.195,3.167,6.361,1.096,1.471,1.639,2.167
2017,M,75-79,25037,"620,799",0.027,913,195,9147,1972,898,1841,2626,483,396,835,612,3.971,0.848,39.782,8.577,3.906,8.007,11.421,2.101,1.722,3.632,2.662
2017,M,80-84,25603,"328,523",0.018,776,333,7646,2188,856,2419,2829,545,250,1128,505,4.252,1.825,41.893,11.988,4.69,13.254,15.5,2.986,1.37,6.18,2.767
2017,M,85 +,28071,"153,695",0.016,755,690,5572,2281,715,3743,3289,667,170,1450,290,7.86,7.183,58.006,23.746,7.443,38.965,34.239,6.944,1.77,15.095,3.019
2017,F,0-4,525,"1,048,855",0.069,28,0,14,3,0,6,20,0,0,1,0,0.184,0,0.092,0.02,0,0.039,0.132,0,0,0.007,0
2017,F,5-9,93,"1,120,380",0.073,17,0,23,2,0,1,9,0,1,0,,0.111,0,0.15,0.013,0,0.007,0.059,0,0.007,0,0
2017,F,10-14,74,"1,090,502",0.073,5,0,21,2,1,2,3,1,1,0,8,0.033,0,0.141,0.013,0.007,0.013,0.02,0.007,0.007,0,0.054
2017,F,15-19,167,"1,427,984",0.072,27,0,27,8,0,2,9,0,0,0,63,0.136,0,0.136,0.04,0,0.01,0.045,0,0,0,0.318
2017,F,20-24,313,"1,647,591",0.066,42,0,33,4,4,4,11,0,0,1,135,0.168,0,0.132,0.016,0.016,0.016,0.044,0,0,0.004,0.541
2017,F,25-29,419,"1,576,396",0.065,32,0,72,9,4,1,8,3,4,1,210,0.132,0,0.297,0.037,0.016,0.004,0.033,0.012,0.016,0.004,0.866
2017,F,30-34,583,"1,666,377",0.071,37,0,142,25,10,6,20,5,19,2,234,0.158,0,0.605,0.107,0.043,0.026,0.085,0.021,0.081,0.009,0.997
2017,F,35-39,1057,"1,964,371",0.081,60,0,348,42,9,9,41,5,52,1,335,0.247,0,1.435,0.173,0.037,0.037,0.169,0.021,0.214,0.004,1.381
2017,F,40-44,1427,"1,995,148",0.082,70,0,609,88,17,11,43,7,87,3,320,0.288,0,2.503,0.362,0.07,0.045,0.177,0.029,0.358,0.012,1.315
2017,F,45-49,2234,"2,228,237",0.072,115,0,985,160,32,25,97,20,116,3,389,0.372,0,3.183,0.517,0.103,0.081,0.313,0.065,0.375,0.01,1.257
2017,F,50-54,2823,"2,056,212",0.063,126,0,1386,224,55,30,133,48,143,9,304,0.386,0,4.247,0.686,0.169,0.092,0.407,0.147,0.438,0.028,0.931
2017,F,55-59,3920,"2,123,676",0.048,175,7,2074,261,71,61,208,52,146,15,284,0.396,0.016,4.688,0.59,0.16,0.138,0.47,0.118,0.33,0.034,0.642
2017,F,60-64,4501,"1,615,386",0.039,182,13,2304,316,129,87,320,75,109,30,225,0.439,0.031,5.563,0.763,0.311,0.21,0.773,0.181,0.263,0.072,0.543
2017,F,65-69,5342,"1,187,813",0.034,217,20,2449,409,184,161,504,143,91,49,157,0.621,0.057,7.01,1.171,0.527,0.461,1.443,0.409,0.26,0.14,0.449
2017,F,70-74,7892,"956,466",0.032,303,53,3093,700,319,321,849,178,143,102,186,1.014,0.177,10.348,2.342,1.067,1.074,2.84,0.596,0.478,0.341,0.622
2017,F,75-79,16411,"873,516",0.027,509,224,4806,1654,817,899,2199,426,233,240,234,1.573,0.692,14.855,5.112,2.525,2.779,6.797,1.317,0.72,0.742,0.723
2017,F,80-84,24438,"601,756",0.018,648,571,5233,2701,1183,1851,3578,607,230,478,223,1.938,1.708,15.653,8.079,3.539,5.537,10.703,1.816,0.688,1.43,0.667
2017,F,85 +,58962,"444,452",0.016,1447,2775,6378,5216,1834,5996,9809,1138,298,1539,233,5.209,9.99,22.96,18.777,6.602,21.585,35.312,4.097,1.073,5.54,0.839
2018,M,0-4,626,"1,045,183",0.069,36,0,15,1,0,3,16,0,1,0,0,0.238,0,0.099,0.007,0,0.02,0.106,0,0.007,0,0
2018,M,5-9,104,"1,176,909",0.073,32,0,20,1,0,1,5,0,2,0,1,0.198,0,0.124,0.006,0,0.006,0.031,0,0.012,0,0.006
2018,M,10-14,99,"1,172,580",0.073,17,0,25,1,0,1,8,1,0,0,14,0.106,0,0.156,0.006,0,0.006,0.05,0.006,0,0,0.087
2018,M,15-19,311,"1,470,638",0.072,102,0,41,3,0,6,6,0,1,0,89,0.499,0,0.201,0.015,0,0.029,0.029,0,0.005,0,0.436
2018,M,20-24,661,"1,860,305",0.066,159,0,67,11,4,5,19,2,2,1,297,0.564,0,0.238,0.039,0.014,0.018,0.067,0.007,0.007,0.004,1.054
2018,M,25-29,907,"1,868,033",0.065,176,0,67,9,7,13,39,6,3,3,429,0.612,0,0.233,0.031,0.024,0.045,0.136,0.021,0.01,0.01,1.493
2018,M,30-34,1088,"1,764,834",0.071,173,0,117,32,12,13,72,0,20,0,508,0.696,0,0.471,0.129,0.048,0.052,0.29,0,0.08,0,2.044
2018,M,35-39,1868,"2,114,600",0.081,212,0,259,84,12,17,160,10,70,2,764,0.812,0,0.992,0.322,0.046,0.065,0.613,0.038,0.268,0.008,2.927
2018,M,40-44,2651,"2,021,308",0.082,259,0,472,150,30,30,217,17,213,4,803,1.051,0,1.915,0.609,0.122,0.122,0.88,0.069,0.864,0.016,3.258
2018,M,45-49,5097,"2,308,830",0.072,484,1,1068,282,92,75,471,45,496,10,1083,1.509,0.003,3.331,0.879,0.287,0.234,1.469,0.14,1.547,0.031,3.377
2018,M,50-54,7699,"2,075,419",0.063,634,0,2051,414,185,169,711,83,770,34,1088,1.925,0,6.226,1.257,0.562,0.513,2.158,0.252,2.337,0.103,3.303
2018,M,55-59,11543,"2,164,174",0.048,860,14,3766,648,295,300,1137,142,972,69,1106,1.907,0.031,8.353,1.437,0.654,0.665,2.522,0.315,2.156,0.153,2.453
2018,M,60-64,13828,"1,668,124",0.039,888,26,5176,805,412,429,1351,192,835,132,946,2.076,0.061,12.101,1.882,0.963,1.003,3.159,0.449,1.952,0.309,2.212
2018,M,65-69,14005,"1,132,243",0.034,774,51,5826,918,476,596,1351,194,519,211,624,2.324,0.153,17.495,2.757,1.429,1.79,4.057,0.583,1.558,0.634,1.874
2018,M,70-74,16882,"825,893",0.032,669,86,6941,1166,543,959,1647,310,365,414,572,2.592,0.333,26.894,4.518,2.104,3.716,6.381,1.201,1.414,1.604,2.216
2018,M,75-79,24981,"663,906",0.027,866,229,8893,1939,794,2020,2535,523,364,772,696,3.522,0.931,36.166,7.886,3.229,8.215,10.309,2.127,1.48,3.14,2.831
2018,M,80-84,27641,"355,506",0.018,764,467,8038,2257,793,3034,2963,616,288,1098,521,3.868,2.365,40.698,11.428,4.015,15.362,15.002,3.119,1.458,5.559,2.638
2018,M,85 +,31170,"169,204",0.016,759,898,6055,2206,768,4751,3677,757,176,1470,323,7.177,8.492,57.256,20.86,7.262,44.926,34.77,7.158,1.664,13.9,3.054
2018,F,0-4,492,"993,553",0.069,29,,22,3,,5,8,1,2,0,0,0.201,0,0.153,0.021,0,0.035,0.056,0.007,0.014,0,0
2018,F,5-9,73,"1,112,018",0.073,16,,21,1,,1,5,0,0,0,0,0.105,0,0.138,0.007,0,0.007,0.033,0,0,0,0
2018,F,10-14,88,"1,094,811",0.073,8,,18,2,2,2,5,0,0,1,12,0.053,0,0.12,0.013,0.013,0.013,0.033,0,0,0.007,0.08
2018,F,15-19,203,"1,349,367",0.072,16,,32,4,0,0,7,0,2,0,101,0.085,0,0.171,0.021,0,0,0.037,0,0.011,0,0.539
2018,F,20-24,391,"1,637,892",0.066,42,,49,7,3,3,10,1,1,0,194,0.169,0,0.197,0.028,0.012,0.012,0.04,0.004,0.004,0,0.782
2018,F,25-29,450,"1,625,029",0.065,37,,71,10,4,3,17,3,5,0,223,0.148,0,0.284,0.04,0.016,0.012,0.068,0.012,0.02,0,0.892
2018,F,30-34,617,"1,595,783",0.071,32,,125,19,4,7,14,4,16,0,277,0.142,0,0.556,0.085,0.018,0.031,0.062,0.018,0.071,0,1.232
2018,F,35-39,1059,"1,981,010",0.081,42,,340,29,12,11,45,7,46,0,345,0.172,0,1.39,0.119,0.049,0.045,0.184,0.029,0.188,0,1.411
2018,F,40-44,1392,"1,930,092",0.082,62,,513,63,22,16,57,8,88,3,345,0.263,0,2.179,0.268,0.093,0.068,0.242,0.034,0.374,0.013,1.466
2018,F,45-49,2184,"2,244,349",0.072,84,,980,128,26,26,102,22,129,5,367,0.269,0,3.144,0.411,0.083,0.083,0.327,0.071,0.414,0.016,1.177
2018,F,50-54,3022,"2,046,854",0.063,132,2,1479,223,52,42,151,44,143,12,315,0.406,0.006,4.552,0.686,0.16,0.129,0.465,0.135,0.44,0.037,0.97
2018,F,55-59,4036,"2,176,334",0.048,184,10,2017,259,67,67,216,67,149,19,342,0.406,0.022,4.449,0.571,0.148,0.148,0.476,0.148,0.329,0.042,0.754
2018,F,60-64,4903,"1,720,944",0.039,192,19,2450,313,133,136,318,90,133,38,246,0.435,0.043,5.552,0.709,0.301,0.308,0.721,0.204,0.301,0.086,0.557
2018,F,65-69,5395,"1,224,345",0.034,214,28,2374,376,210,195,497,120,126,61,170,0.594,0.078,6.593,1.044,0.583,0.542,1.38,0.333,0.35,0.169,0.472
2018,F,70-74,7855,"969,497",0.032,294,56,2995,658,294,357,843,186,134,94,183,0.97,0.185,9.886,2.172,0.97,1.178,2.782,0.614,0.442,0.31,0.604
2018,F,75-79,15976,"915,243",0.027,501,252,4564,1617,669,1092,2092,398,206,225,222,1.478,0.743,13.464,4.77,1.974,3.221,6.171,1.174,0.608,0.664,0.655
2018,F,80-84,25585,"631,903",0.018,626,693,5303,2722,1086,2281,3716,680,257,438,231,1.783,1.974,15.106,7.754,3.094,6.498,10.585,1.937,0.732,1.248,0.658
2018,F,85 +,63894,"478,345",0.016,1277,3324,6902,5579,1782,7330,10388,1246,323,1491,237,4.271,11.118,23.086,18.661,5.961,24.518,34.746,4.168,1.08,4.987,0.793
2019,M,0-4,561,"989,933",0.069,38,0,16,1,0,4,15,1,1,0,0,0.265,0,0.112,0.007,0,0.028,0.105,0.007,0.007,0,
2019,M,5-9,114,"1,169,113",0.073,19,0,30,2,0,2,3,0,0,1,1,0.119,0,0.187,0.012,0,0.012,0.019,0,0,0.006,
2019,M,10-14,103,"1,157,242",0.073,21,0,25,3,0,2,7,0,0,0,15,0.132,0,0.158,0.019,0,0.013,0.044,0,0,0,
2019,M,15-19,298,"1,397,832",0.072,78,0,46,3,0,5,13,1,0,1,91,0.402,0,0.237,0.015,0,0.026,0.067,0.005,0,0.005,
2019,M,20-24,634,"1,823,024",0.066,132,0,68,4,1,9,33,1,0,0,283,0.478,0,0.246,0.014,0.004,0.033,0.119,0.004,0,0,
2019,M,25-29,917,"1,924,269",0.065,160,0,95,12,12,3,41,1,7,2,435,0.54,0,0.321,0.041,0.041,0.01,0.138,0.003,0.024,0.007,
2019,M,30-34,1039,"1,743,237",0.071,145,0,112,29,16,10,57,1,28,2,469,0.591,0,0.456,0.118,0.065,0.041,0.232,0.004,0.114,0.008,
2019,M,35-39,1777,"2,095,902",0.081,214,0,254,76,21,15,133,11,79,2,689,0.827,0,0.982,0.294,0.081,0.058,0.514,0.043,0.305,0.008,
2019,M,40-44,2540,"1,970,422",0.082,211,0,468,146,33,23,240,20,166,3,766,0.878,0,1.948,0.608,0.137,0.096,0.999,0.083,0.691,0.012,
2019,M,45-49,4756,"2,280,977",0.072,400,,1043,262,87,59,401,27,440,6,1049,1.263,0,3.292,0.827,0.275,0.186,1.266,0.085,1.389,0.019,
2019,M,50-54,7536,"2,159,754",0.063,589,4,1994,419,192,147,727,78,740,26,1099,1.718,0.012,5.816,1.222,0.56,0.429,2.121,0.228,2.159,0.076,
2019,M,55-59,10925,"2,147,149",0.048,784,9,3682,643,282,232,1015,104,891,61,1070,1.753,0.02,8.231,1.437,0.63,0.519,2.269,0.232,1.992,0.136,
2019,M,60-64,14069,"1,787,518",0.039,858,32,5470,770,372,418,1323,205,796,123,1041,1.872,0.07,11.934,1.68,0.812,0.912,2.887,0.447,1.737,0.268,
2019,M,65-69,14200,"1,177,211",0.034,735,58,6068,892,391,569,1329,236,500,231,645,2.123,0.168,17.525,2.576,1.129,1.643,3.838,0.682,1.444,0.667,
2019,M,70-74,17116,"876,494",0.032,699,114,7136,1056,509,969,1675,329,370,364,587,2.552,0.416,26.053,3.855,1.858,3.538,6.115,1.201,1.351,1.329,
2019,M,75-79,23698,"672,113",0.027,815,238,8768,1785,675,1894,2364,540,320,752,600,3.274,0.956,35.223,7.171,2.712,7.609,9.497,2.169,1.285,3.021,
2019,M,80-84,27347,"387,167",0.018,812,463,8324,2118,777,3011,2918,618,268,1012,515,3.775,2.153,38.7,9.847,3.612,13.999,13.566,2.873,1.246,4.705,
2019,M,85 +,32645,"189,349",0.016,784,1006,6679,2404,753,4902,3802,851,166,1469,370,6.625,8.501,56.438,20.314,6.363,41.422,32.127,7.191,1.403,12.413,
2019,F,0-4,454,"940,411",0.069,29,0,13,0,0,2,14,1,0,0,0,0.213,0,0.095,0,0,0.015,0.103,0.007,0,0,
2019,F,5-9,71,"1,107,062",0.073,22,0,11,0,0,0,4,0,0,0,0,0.145,0,0.073,0,0,0,0.026,0,0,0,
2019,F,10-14,70,"1,084,319",0.073,8,0,7,1,2,2,3,0,0,0,12,0.054,0,0.047,0.007,0.013,0.013,0.02,0,0,0,
2019,F,15-19,195,"1,288,144",0.072,13,0,21,3,0,0,9,1,0,0,109,0.073,0,0.117,0.017,0,0,0.05,0.006,0,0,
2019,F,20-24,408,"1,616,028",0.066,36,0,29,5,2,7,10,1,1,0,242,0.147,0,0.118,0.02,0.008,0.029,0.041,0.004,0.004,0,
2019,F,25-29,488,"1,663,507",0.065,24,0,70,10,4,4,10,0,7,0,280,0.094,0,0.274,0.039,0.016,0.016,0.039,0,0.027,0,
2019,F,30-34,613,"1,563,225",0.071,25,0,125,18,7,10,22,3,19,0,288,0.114,0,0.568,0.082,0.032,0.045,0.1,0.014,0.086,0,
2019,F,35-39,1031,"1,955,867",0.081,34,0,319,44,7,11,25,5,56,2,365,0.141,0,1.321,0.182,0.029,0.046,0.104,0.021,0.232,0.008,
2019,F,40-44,1369,"1,877,437",0.082,62,0,517,74,13,19,46,12,79,0,334,0.271,0,2.258,0.323,0.057,0.083,0.201,0.052,0.345,0,
2019,F,45-49,2158,"2,206,645",0.072,78,2,974,135,23,28,87,16,113,6,377,0.255,0.007,3.178,0.44,0.075,0.091,0.284,0.052,0.369,0.02,
2019,F,50-54,2909,"2,138,136",0.063,98,2,1454,199,39,44,120,33,139,12,352,0.289,0.006,4.284,0.586,0.115,0.13,0.354,0.097,0.41,0.035,
2019,F,55-59,3891,"2,148,244",0.048,144,11,2042,247,67,67,185,51,137,13,331,0.322,0.025,4.563,0.552,0.15,0.15,0.413,0.114,0.306,0.029,
2019,F,60-64,4928,"1,840,431",0.039,168,16,2565,298,112,108,327,92,119,30,287,0.356,0.034,5.435,0.631,0.237,0.229,0.693,0.195,0.252,0.064,
2019,F,65-69,5582,"1,271,411",0.034,203,34,2576,419,168,167,486,104,119,44,181,0.543,0.091,6.889,1.12,0.449,0.447,1.3,0.278,0.318,0.118,
2019,F,70-74,7756,"1,009,612",0.032,227,72,3086,588,267,339,798,217,154,91,197,0.719,0.228,9.781,1.864,0.846,1.074,2.529,0.688,0.488,0.288,
2019,F,75-79,14619,"917,522",0.027,428,231,4411,1339,584,982,1869,425,184,184,233,1.259,0.68,12.98,3.94,1.719,2.89,5.5,1.251,0.541,0.541,
2019,F,80-84,24175,"668,672",0.018,541,729,5310,2371,963,2121,3483,721,225,368,233,1.456,1.962,14.294,6.383,2.592,5.71,9.376,1.941,0.606,0.991,
2019,F,85 +,64046,"519,443",0.016,1271,3718,7391,5208,1722,7229,10332,1419,372,1370,248,3.915,11.452,22.766,16.042,5.304,22.267,31.825,4.371,1.146,4.22,
2020,M,0-4,469,"911,251",0.069,44,0,13,3,0,5,3,1,1,0,0,0.333,0,0.098,0.023,0,0.038,0.023,0.008,0.008,0,0
2020,M,5-9,88,"1,168,681",0.073,23,0,19,0,0,2,6,0,1,0,0,0.144,0,0.119,0,0,0.012,0.037,0,0.006,0,0
2020,M,10-14,115,"1,161,061",0.073,19,0,30,5,0,0,7,0,0,0,18,0.119,0,0.189,0.031,0,0,0.044,0,0,0,0.113
2020,M,15-19,289,"1,307,326",0.072,81,0,39,4,2,2,11,1,0,0,106,0.446,0,0.215,0.022,0.011,0.011,0.061,0.006,0,0,0.584
2020,M,20-24,585,"1,779,560",0.066,106,0,54,5,4,7,17,0,0,0,290,0.393,0,0.2,0.019,0.015,0.026,0.063,0,0,0,1.076
2020,M,25-29,964,"1,949,923",0.065,165,0,87,14,6,7,42,6,7,1,500,0.55,0,0.29,0.047,0.02,0.023,0.14,0.02,0.023,0.003,1.667
2020,M,30-34,1064,"1,745,712",0.071,140,0,115,25,7,8,87,6,20,0,497,0.569,0,0.468,0.102,0.028,0.033,0.354,0.024,0.081,0,2.021
2020,M,35-39,1696,"1,999,740",0.081,182,0,233,64,15,13,118,9,94,4,676,0.737,0,0.944,0.259,0.061,0.053,0.478,0.036,0.381,0.016,2.738
2020,M,40-44,2446,"1,979,773",0.082,229,0,390,133,41,18,244,15,180,3,734,0.948,0,1.615,0.551,0.17,0.075,1.011,0.062,0.746,0.012,3.04
2020,M,45-49,4448,"2,225,868",0.072,351,1,938,247,90,73,434,37,445,8,913,1.135,0.003,3.034,0.799,0.291,0.236,1.404,0.12,1.439,0.026,2.953
2020,M,50-54,7268,"2,177,535",0.063,536,4,1932,396,167,133,745,88,756,22,947,1.551,0.012,5.59,1.146,0.483,0.385,2.155,0.255,2.187,0.064,2.74
2020,M,55-59,10349,"2,121,562",0.048,653,9,3292,559,298,248,1052,133,962,51,996,1.477,0.02,7.448,1.265,0.674,0.561,2.38,0.301,2.177,0.115,2.253
2020,M,60-64,14376,"1,876,783",0.039,907,38,5435,782,350,409,1425,233,890,110,918,1.885,0.079,11.294,1.625,0.727,0.85,2.961,0.484,1.849,0.229,1.908
2020,M,65-69,15312,"1,280,138",0.034,806,66,6425,884,445,610,1442,262,590,199,629,2.141,0.175,17.065,2.348,1.182,1.62,3.83,0.696,1.567,0.529,1.671
2020,M,70-74,17799,"928,928",0.032,693,117,7484,1147,501,1037,1680,357,395,360,522,2.387,0.403,25.781,3.951,1.726,3.572,5.787,1.23,1.361,1.24,1.798
2020,M,75-79,23263,"685,809",0.027,735,281,8531,1633,702,1803,2271,512,328,639,509,2.894,1.106,33.586,6.429,2.764,7.098,8.941,2.016,1.291,2.516,2.004
2020,M,80-84,28330,"412,934",0.018,818,543,8497,2139,845,2871,2955,732,281,917,485,3.566,2.367,37.039,9.324,3.683,12.515,12.881,3.191,1.225,3.997,2.114
2020,M,85 +,36292,"213,113",0.016,822,1201,7301,2589,847,4966,4352,978,242,1363,353,6.171,9.017,54.814,19.438,6.359,37.284,32.674,7.343,1.817,10.233,2.65
2020,F,0-4,351,"865,365",0.069,27,0,6,0,0,2,7,1,1,1,0,0.215,0,0.048,0,0,0.016,0.056,0.008,0.008,0.008,0
2020,F,5-9,68,"1,109,604",0.073,18,0,15,1,0,0,5,0,1,0,0,0.118,0,0.099,0.007,0,0,0.033,0,0.007,0,0
2020,F,10-14,70,"1,089,908",0.073,5,0,15,1,0,2,5,0,0,0,17,0.033,0,0.1,0.007,0,0.013,0.033,0,0,0,0.114
2020,F,15-19,163,"1,210,892",0.072,13,0,15,5,1,3,3,0,0,0,98,0.077,0,0.089,0.03,0.006,0.018,0.018,0,0,0,0.583
2020,F,20-24,404,"1,612,791",0.066,23,0,26,3,4,5,9,3,1,0,265,0.094,0,0.106,0.012,0.016,0.02,0.037,0.012,0.004,0,1.084
2020,F,25-29,582,"1,695,619",0.065,40,0,81,6,4,5,16,1,7,1,338,0.153,0,0.311,0.023,0.015,0.019,0.061,0.004,0.027,0.004,1.296
2020,F,30-34,618,"1,562,091",0.071,22,0,121,21,5,9,24,2,23,0,294,0.1,0,0.55,0.095,0.023,0.041,0.109,0.009,0.105,0,1.336
2020,F,35-39,1010,"1,867,239",0.081,37,0,326,35,5,11,26,3,54,0,339,0.161,0,1.414,0.152,0.022,0.048,0.113,0.013,0.234,0,1.471
2020,F,40-44,1384,"1,892,398",0.082,50,0,520,64,20,11,62,15,91,1,347,0.217,0,2.253,0.277,0.087,0.048,0.269,0.065,0.394,0.004,1.504
2020,F,45-49,2156,"2,159,864",0.072,69,0,1013,119,27,23,94,16,116,3,358,0.23,0,3.377,0.397,0.09,0.077,0.313,0.053,0.387,0.01,1.193
2020,F,50-54,3015,"2,160,734",0.063,85,1,1491,188,50,48,145,38,128,11,377,0.248,0.003,4.347,0.548,0.146,0.14,0.423,0.111,0.373,0.032,1.099
2020,F,55-59,3730,"2,115,505",0.048,148,9,1929,227,74,67,195,59,143,15,283,0.336,0.02,4.377,0.515,0.168,0.152,0.442,0.134,0.324,0.034,0.642
2020,F,60-64,5232,"1,937,587",0.039,203,18,2632,383,113,90,358,96,149,29,310,0.409,0.036,5.298,0.771,0.227,0.181,0.721,0.193,0.3,0.058,0.624
2020,F,65-69,5941,"1,382,094",0.034,208,27,2731,414,174,182,489,142,127,46,234,0.512,0.066,6.718,1.018,0.428,0.448,1.203,0.349,0.312,0.113,0.576
2020,F,70-74,7932,"1,061,419",0.032,239,76,3199,580,261,343,806,231,137,67,183,0.721,0.229,9.644,1.749,0.787,1.034,2.43,0.696,0.413,0.202,0.552
2020,F,75-79,13986,"922,655",0.027,345,256,4219,1267,571,866,1745,410,206,155,173,1.01,0.749,12.346,3.708,1.671,2.534,5.106,1.2,0.603,0.454,0.506
2020,F,80-84,24508,"696,308",0.018,544,728,5398,2359,943,1973,3569,683,243,358,232,1.406,1.882,13.954,6.098,2.438,5.1,9.226,1.766,0.628,0.925,0.6
2020,F,85 +,68617,"568,469",0.016,1356,4157,7647,5556,1883,6657,10915,1609,360,1303,255,3.817,11.7,21.523,15.638,5.3,18.737,30.721,4.529,1.013,3.667,0.718